date,y_true,y_pred
2018-03-09 23:00:00,4.7839994,5.3898745
2018-03-10 00:00:00,4.854,4.9583807
2018-03-10 01:00:00,5.0649996,4.9101744
2018-03-10 02:00:00,4.6429996,5.0629063
2018-03-10 03:00:00,4.7839994,4.769804
2018-03-10 04:00:00,4.6429996,4.8186436
2018-03-10 05:00:00,4.502,4.727112
2018-03-10 06:00:00,4.431999,4.603318
2018-03-10 07:00:00,4.573,4.5275784
2018-03-10 08:00:00,5.276,4.6246357
2018-03-10 09:00:00,5.557,5.196926
2018-03-10 10:00:00,6.9639997,5.5471163
2018-03-10 11:00:00,6.472,6.7495747
2018-03-10 12:00:00,6.542,6.6285915
2018-03-10 13:00:00,7.2460003,6.65341
2018-03-10 14:00:00,9.355999,7.233039
2018-03-10 15:00:00,8.511999,9.073688
2018-03-10 16:00:00,9.355999,8.777432
2018-03-10 17:00:00,9.707999,9.355946
2018-03-10 18:00:00,8.863999,9.760267
2018-03-10 19:00:00,8.0199995,9.125792
2018-03-10 20:00:00,7.034999,8.289335
2018-03-10 21:00:00,6.8239994,7.3296947
2018-03-10 22:00:00,6.612999,6.959654
2018-03-10 23:00:00,6.4019995,6.704339
2018-03-11 00:00:00,6.6829996,6.466835
2018-03-11 01:00:00,6.8239994,6.6309414
2018-03-11 02:00:00,6.893999,6.777527
2018-03-11 03:00:00,6.893999,6.8693733
2018-03-11 04:00:00,6.3309994,6.900173
2018-03-11 05:00:00,6.3309994,6.466839
2018-03-11 06:00:00,6.612999,6.3944473
2018-03-11 07:00:00,5.6279993,6.6217146
2018-03-11 08:00:00,5.8389997,5.8827305
2018-03-11 09:00:00,5.698,5.9035845
2018-03-11 10:00:00,7.034999,5.7997236
2018-03-11 11:00:00,6.6829996,6.854203
2018-03-11 12:00:00,7.738,6.7899866
2018-03-11 13:00:00,8.300999,7.6331997
2018-03-11 14:00:00,10.341,8.281495
2018-03-11 15:00:00,9.918999,10.108522
2018-03-11 16:00:00,9.707999,10.137846
2018-03-11 17:00:00,9.707999,9.913916
2018-03-11 18:00:00,8.934,9.86054
2018-03-11 19:00:00,8.511999,9.201157
2018-03-11 20:00:00,8.371,8.709741
2018-03-11 21:00:00,7.8789997,8.485109
2018-03-11 22:00:00,7.5269995,8.023603
2018-03-11 23:00:00,7.668,7.6293163
2018-03-12 00:00:00,8.0199995,7.6569386
2018-03-12 01:00:00,7.9489994,7.9481077
2018-03-12 02:00:00,7.596999,7.9484673
2018-03-12 03:00:00,7.668,7.663809
2018-03-12 04:00:00,7.9489994,7.679467
2018-03-12 05:00:00,8.159999,7.9323225
2018-03-12 06:00:00,7.668,8.168806
2018-03-12 07:00:00,7.457,7.814184
2018-03-12 08:00:00,8.0199995,7.578212
2018-03-12 09:00:00,8.300999,8.009193
2018-03-12 10:00:00,8.863999,8.330729
2018-03-12 11:00:00,8.723,8.859276
2018-03-12 12:00:00,9.004,8.841572
2018-03-12 13:00:00,9.355999,9.067212
2018-03-12 14:00:00,10.551999,9.406677
2018-03-12 15:00:00,10.129999,10.473336
2018-03-12 16:00:00,10.482,10.311132
2018-03-12 17:00:00,11.184999,10.543926
2018-03-12 18:00:00,10.973999,11.175611
2018-03-12 19:00:00,9.918999,11.0980425
2018-03-12 20:00:00,9.848999,10.16542
2018-03-12 21:00:00,9.425999,9.927191
2018-03-12 22:00:00,9.285999,9.537186
2018-03-12 23:00:00,9.215,9.340162
2018-03-13 00:00:00,9.004,9.2389145
2018-03-13 01:00:00,8.723,9.040682
2018-03-13 02:00:00,8.863999,8.770874
2018-03-13 03:00:00,8.792999,8.848729
2018-03-13 04:00:00,8.723,8.817389
2018-03-13 05:00:00,8.723,8.764265
2018-03-13 06:00:00,8.581999,8.7685795
2018-03-13 07:00:00,8.230999,8.664528
2018-03-13 08:00:00,8.159999,8.361866
2018-03-13 09:00:00,9.285999,8.25753
2018-03-13 10:00:00,10.973999,9.199227
2018-03-13 11:00:00,10.832999,10.822514
2018-03-13 12:00:00,10.903999,11.004854
2018-03-13 13:00:00,11.607,11.061071
2018-03-13 14:00:00,12.661999,11.671601
2018-03-13 15:00:00,11.747999,12.679487
2018-03-13 16:00:00,11.326,12.037521
2018-03-13 17:00:00,11.536999,11.509787
2018-03-13 18:00:00,12.310999,11.591278
2018-03-13 19:00:00,11.888999,12.255293
2018-03-13 20:00:00,11.326,11.984467
2018-03-13 21:00:00,11.043999,11.416521
2018-03-13 22:00:00,10.903999,11.074852
2018-03-13 23:00:00,10.622,10.908871
2018-03-14 00:00:00,10.622,10.648765
2018-03-14 01:00:00,10.482,10.6116
2018-03-14 02:00:00,10.692999,10.497809
2018-03-14 03:00:00,10.762999,10.674541
2018-03-14 04:00:00,10.762999,10.784138
2018-03-14 05:00:00,9.988999,10.818081
2018-03-14 06:00:00,10.622,10.167561
2018-03-14 07:00:00,10.199999,10.630069
2018-03-14 08:00:00,10.482,10.360853
2018-03-14 09:00:00,10.832999,10.562671
2018-03-14 10:00:00,10.762999,10.91119
2018-03-14 11:00:00,10.762999,10.907391
2018-03-14 12:00:00,10.832999,10.901769
2018-03-14 13:00:00,9.497,10.961581
2018-03-14 14:00:00,10.622,9.816835
2018-03-14 15:00:00,10.692999,10.590114
2018-03-14 16:00:00,10.762999,10.789482
2018-03-14 17:00:00,10.199999,10.86051
2018-03-14 18:00:00,10.482,10.37455
2018-03-14 19:00:00,9.778,10.531685
2018-03-14 20:00:00,9.637999,9.961765
2018-03-14 21:00:00,9.497,9.740034
2018-03-14 22:00:00,9.566999,9.5870285
2018-03-14 23:00:00,9.425999,9.619887
2018-03-15 00:00:00,9.707999,9.505306
2018-03-15 01:00:00,9.707999,9.726367
2018-03-15 02:00:00,9.566999,9.771677
2018-03-15 03:00:00,9.497,9.662693
2018-03-15 04:00:00,9.637999,9.590923
2018-03-15 05:00:00,9.778,9.707403
2018-03-15 06:00:00,9.918999,9.852945
2018-03-15 07:00:00,9.637999,9.999582
2018-03-15 08:00:00,10.129999,9.783264
2018-03-15 09:00:00,10.129999,10.1636505
2018-03-15 10:00:00,9.918999,10.233012
2018-03-15 11:00:00,9.707999,10.055246
2018-03-15 12:00:00,10.622,9.838992
2018-03-15 13:00:00,10.832999,10.580802
2018-03-15 14:00:00,10.903999,10.892962
2018-03-15 15:00:00,10.832999,10.98904
2018-03-15 16:00:00,11.6779995,10.933184
2018-03-15 17:00:00,11.888999,11.646801
2018-03-15 18:00:00,11.607,11.951622
2018-03-15 19:00:00,7.668,11.735865
2018-03-15 20:00:00,2.3209991,8.411102
2018-03-15 21:00:00,0.98499966,3.8903694
2018-03-15 22:00:00,2.8839998,1.8827238
2018-03-15 23:00:00,1.6879997,2.7938614
2018-03-16 00:00:00,2.7439995,2.0696611
2018-03-16 01:00:00,2.2510004,2.622469
2018-03-16 02:00:00,1.8289995,2.3649197
2018-03-16 03:00:00,2.6029997,2.0038767
2018-03-16 04:00:00,3.3769999,2.5140724
2018-03-16 05:00:00,3.1660004,3.2313805
2018-03-16 06:00:00,3.3059998,3.2499523
2018-03-16 07:00:00,2.7439995,3.383274
2018-03-16 08:00:00,1.8990002,3.0066862
2018-03-16 09:00:00,2.1099997,2.3075724
2018-03-16 10:00:00,2.1099997,2.3151503
2018-03-16 11:00:00,3.0249996,2.3065777
2018-03-16 12:00:00,3.658,2.9766502
2018-03-16 13:00:00,4.01,3.599824
2018-03-16 14:00:00,3.7989998,4.0133343
2018-03-16 15:00:00,3.8689995,3.9530573
2018-03-16 16:00:00,4.2909994,4.000287
2018-03-16 17:00:00,4.502,4.3393383
2018-03-16 18:00:00,4.7839994,4.5770283
2018-03-16 19:00:00,4.995,4.843895
2018-03-16 20:00:00,5.2059994,5.063159
2018-03-16 21:00:00,5.3459997,5.2718134
2018-03-16 22:00:00,4.923999,5.422901
2018-03-16 23:00:00,4.1500006,5.1248026
2018-03-17 00:00:00,3.3769999,4.460984
2018-03-17 01:00:00,3.1660004,3.727954
2018-03-17 02:00:00,2.7439995,3.3986673
2018-03-17 03:00:00,3.0249996,2.9993315
2018-03-17 04:00:00,2.8139992,3.1010742
2018-03-17 05:00:00,2.7439995,2.9577322
2018-03-17 06:00:00,2.7439995,2.868535
2018-03-17 07:00:00,2.3209991,2.8488188
2018-03-17 08:00:00,2.8139992,2.536684
2018-03-17 09:00:00,3.0949993,2.8330002
2018-03-17 10:00:00,3.8689995,3.1132412
2018-03-17 11:00:00,4.431999,3.764885
2018-03-17 12:00:00,5.1349993,4.3529882
2018-03-17 13:00:00,5.276,5.0426397
2018-03-17 14:00:00,6.119999,5.321823
2018-03-17 15:00:00,6.472,6.057596
2018-03-17 16:00:00,6.05,6.508939
2018-03-17 17:00:00,5.8389997,6.269949
2018-03-17 18:00:00,5.7679996,6.0444984
2018-03-17 19:00:00,5.6279993,5.934387
2018-03-17 20:00:00,5.4869995,5.7896996
2018-03-17 21:00:00,5.4869995,5.633067
2018-03-17 22:00:00,5.276,5.584282
2018-03-17 23:00:00,3.5169992,5.3985825
2018-03-18 00:00:00,4.7129993,4.014434
2018-03-18 01:00:00,4.854,4.6105137
2018-03-18 02:00:00,5.557,4.8453865
2018-03-18 03:00:00,5.9089994,5.4340124
2018-03-18 04:00:00,4.923999,5.843012
2018-03-18 05:00:00,3.7989998,5.1683416
2018-03-18 06:00:00,5.8389997,4.167281
2018-03-18 07:00:00,7.738,5.5479746
2018-03-18 08:00:00,8.09,7.36582
2018-03-18 09:00:00,7.1049995,8.062068
2018-03-18 10:00:00,7.596999,7.392123
2018-03-18 11:00:00,7.9489994,7.648735
2018-03-18 12:00:00,6.9639997,8.002473
2018-03-18 13:00:00,7.808999,7.2718496
2018-03-18 14:00:00,6.2609997,7.7873335
2018-03-18 15:00:00,5.698,6.648938
2018-03-18 16:00:00,5.4869995,5.9495564
2018-03-18 17:00:00,5.416999,5.633546
2018-03-18 18:00:00,5.979,5.5001745
2018-03-18 19:00:00,5.4869995,5.9001036
2018-03-18 20:00:00,4.431999,5.5918036
2018-03-18 21:00:00,5.979,4.705327
2018-03-18 22:00:00,5.979,5.73761
2018-03-18 23:00:00,5.7679996,5.9669743
2018-03-19 00:00:00,5.9089994,5.8488874
2018-03-19 01:00:00,6.119999,5.9460173
2018-03-19 02:00:00,6.7529993,6.1482058
2018-03-19 03:00:00,4.854,6.7078686
2018-03-19 04:00:00,4.7839994,5.323806
2018-03-19 05:00:00,4.3620005,4.978098
2018-03-19 06:00:00,5.8389997,4.580902
2018-03-19 07:00:00,4.854,5.6412315
2018-03-19 08:00:00,4.854,5.0860195
2018-03-19 09:00:00,5.276,4.9549885
2018-03-19 10:00:00,5.557,5.261898
2018-03-19 11:00:00,5.1349993,5.552042
2018-03-19 12:00:00,6.2609997,5.2852955
2018-03-19 13:00:00,5.2059994,6.1217127
2018-03-19 14:00:00,5.3459997,5.475457
2018-03-19 15:00:00,5.416999,5.443844
2018-03-19 16:00:00,5.0649996,5.497468
2018-03-19 17:00:00,6.05,5.231249
2018-03-19 18:00:00,3.1660004,5.9451294
2018-03-19 19:00:00,3.8689995,3.8850117
2018-03-19 20:00:00,4.6429996,3.955823
2018-03-19 21:00:00,4.573,4.560546
2018-03-19 22:00:00,4.6429996,4.625063
2018-03-19 23:00:00,4.08,4.6859837
2018-03-20 00:00:00,3.0949993,4.2701273
2018-03-20 01:00:00,3.235999,3.4417953
2018-03-20 02:00:00,4.01,3.3704596
2018-03-20 03:00:00,3.7279997,3.9384747
2018-03-20 04:00:00,4.2909994,3.8439102
2018-03-20 05:00:00,4.6429996,4.2512875
2018-03-20 06:00:00,4.431999,4.6199446
2018-03-20 07:00:00,3.1660004,4.545985
2018-03-20 08:00:00,2.954999,3.5744247
2018-03-20 09:00:00,3.7279997,3.208211
2018-03-20 10:00:00,4.1500006,3.7075005
2018-03-20 11:00:00,3.5880003,4.1288824
2018-03-20 12:00:00,3.8689995,3.7907124
2018-03-20 13:00:00,3.4469995,3.927001
2018-03-20 14:00:00,3.5169992,3.6428518
2018-03-20 15:00:00,3.5169992,3.6335096
2018-03-20 16:00:00,3.0949993,3.631796
2018-03-20 17:00:00,2.462,3.3130932
2018-03-20 18:00:00,2.5319996,2.7712965
2018-03-20 19:00:00,2.8839998,2.6988058
2018-03-20 20:00:00,2.5319996,2.9368954
2018-03-20 21:00:00,2.6029997,2.7254353
2018-03-20 22:00:00,3.3769999,2.7273703
2018-03-20 23:00:00,3.3769999,3.305625
2018-03-21 00:00:00,3.4469995,3.4409103
2018-03-21 01:00:00,2.7439995,3.5285063
2018-03-21 02:00:00,3.4469995,3.031086
2018-03-21 03:00:00,3.7989998,3.4495926
2018-03-21 04:00:00,3.8689995,3.8116236
2018-03-21 05:00:00,4.08,3.94592
2018-03-21 06:00:00,3.9390001,4.1381283
2018-03-21 07:00:00,4.01,4.076874
2018-03-21 08:00:00,4.2909994,4.1187267
2018-03-21 09:00:00,3.1660004,4.3433847
2018-03-21 10:00:00,5.416999,3.5425615
2018-03-21 11:00:00,5.2059994,5.080509
2018-03-21 12:00:00,5.0649996,5.2650204
2018-03-21 13:00:00,6.191,5.1856833
2018-03-21 14:00:00,5.9089994,6.052699
2018-03-21 15:00:00,6.6829996,6.0308704
2018-03-21 16:00:00,6.6829996,6.6321154
2018-03-21 17:00:00,6.4019995,6.7658453
2018-03-21 18:00:00,6.893999,6.5637493
2018-03-21 19:00:00,7.034999,6.9057417
2018-03-21 20:00:00,6.7529993,7.0880413
2018-03-21 21:00:00,6.7529993,6.89073
2018-03-21 22:00:00,6.6829996,6.8386984
2018-03-21 23:00:00,6.6829996,6.767852
2018-03-22 00:00:00,6.612999,6.7467813
2018-03-22 01:00:00,6.3309994,6.681509
2018-03-22 02:00:00,6.7529993,6.4397726
2018-03-22 03:00:00,6.2609997,6.7235126
2018-03-22 04:00:00,6.2609997,6.3922462
2018-03-22 05:00:00,6.472,6.3200626
2018-03-22 06:00:00,6.472,6.4781876
2018-03-22 07:00:00,6.119999,6.5137386
2018-03-22 08:00:00,6.9639997,6.2412834
2018-03-22 09:00:00,7.9489994,6.8660593
2018-03-22 10:00:00,8.511999,7.804247
2018-03-22 11:00:00,7.457,8.465214
2018-03-22 12:00:00,8.159999,7.731391
2018-03-22 13:00:00,9.425999,8.156549
2018-03-22 14:00:00,9.004,9.300574
2018-03-22 15:00:00,8.511999,9.175571
2018-03-22 16:00:00,8.792999,8.713187
2018-03-22 17:00:00,8.581999,8.849421
2018-03-22 18:00:00,9.707999,8.700535
2018-03-22 19:00:00,9.215,9.589343
2018-03-22 20:00:00,8.511999,9.347473
2018-03-22 21:00:00,8.371,8.693102
2018-03-22 22:00:00,8.511999,8.451181
2018-03-22 23:00:00,8.371,8.5281315
2018-03-23 00:00:00,8.441999,8.425621
2018-03-23 01:00:00,8.159999,8.459669
2018-03-23 02:00:00,8.300999,8.234175
2018-03-23 03:00:00,8.723,8.311077
2018-03-23 04:00:00,8.300999,8.686253
2018-03-23 05:00:00,8.0199995,8.412735
2018-03-23 06:00:00,8.159999,8.129407
2018-03-23 07:00:00,8.230999,8.203361
2018-03-23 08:00:00,8.581999,8.28445
2018-03-23 09:00:00,8.230999,8.594343
2018-03-23 10:00:00,9.918999,8.361851
2018-03-23 11:00:00,9.988999,9.735342
2018-03-23 12:00:00,9.707999,10.068689
2018-03-23 13:00:00,10.271,9.869976
2018-03-23 14:00:00,11.607,10.304306
2018-03-23 15:00:00,12.521999,11.523994
2018-03-23 16:00:00,12.380999,12.5186615
2018-03-23 17:00:00,12.732999,12.532181
2018-03-23 18:00:00,12.028999,12.781191
2018-03-23 19:00:00,10.832999,12.201057
2018-03-23 20:00:00,10.622,11.064185
2018-03-23 21:00:00,9.425999,10.688001
2018-03-23 22:00:00,9.004,9.631729
2018-03-23 23:00:00,9.285999,9.079994
2018-03-24 00:00:00,9.145,9.21806
2018-03-24 01:00:00,9.497,9.125997
2018-03-24 02:00:00,9.848999,9.407562
2018-03-24 03:00:00,9.285999,9.777306
2018-03-24 04:00:00,9.355999,9.381649
2018-03-24 05:00:00,9.074999,9.396217
2018-03-24 06:00:00,9.004,9.1917
2018-03-24 07:00:00,10.622,9.115924
2018-03-24 08:00:00,9.497,10.516085
2018-03-24 09:00:00,9.848999,9.79986
2018-03-24 10:00:00,9.918999,9.958628
2018-03-24 11:00:00,10.271,10.058449
2018-03-24 12:00:00,10.692999,10.374225
2018-03-24 13:00:00,10.692999,10.782021
2018-03-24 14:00:00,11.6779995,10.836487
2018-03-24 15:00:00,12.732999,11.673765
2018-03-24 16:00:00,12.943999,12.718374
2018-03-24 17:00:00,13.295999,13.049536
2018-03-24 18:00:00,12.661999,13.357042
2018-03-24 19:00:00,12.028999,12.827517
2018-03-24 20:00:00,11.466999,12.168442
2018-03-24 21:00:00,11.115,11.577873
2018-03-24 22:00:00,10.973999,11.179632
2018-03-24 23:00:00,10.622,10.989006
2018-03-25 00:00:00,10.692999,10.652195
2018-03-25 01:00:00,9.778,10.654595
2018-03-25 02:00:00,9.285999,9.883883
2018-03-25 03:00:00,10.551999,9.345951
2018-03-25 04:00:00,10.341,10.377035
2018-03-25 05:00:00,10.692999,10.397253
2018-03-25 06:00:00,10.410999,10.712827
2018-03-25 07:00:00,9.988999,10.5434475
2018-03-25 08:00:00,10.622,10.167331
2018-03-25 09:00:00,10.973999,10.683239
2018-03-25 10:00:00,10.271,11.091308
2018-03-25 11:00:00,9.988999,10.536392
2018-03-25 12:00:00,10.622,10.190401
2018-03-25 13:00:00,10.341,10.685329
2018-03-25 14:00:00,10.762999,10.519411
2018-03-25 15:00:00,10.903999,10.835253
2018-03-25 16:00:00,10.832999,11.001972
2018-03-25 17:00:00,10.973999,10.954597
2018-03-25 18:00:00,11.466999,11.057686
2018-03-25 19:00:00,10.341,11.49708
2018-03-25 20:00:00,10.622,10.593838
2018-03-25 21:00:00,10.551999,10.667118
2018-03-25 22:00:00,10.482,10.630442
2018-03-25 23:00:00,10.482,10.556978
2018-03-26 00:00:00,10.129999,10.53883
2018-03-26 01:00:00,9.918999,10.2326355
2018-03-26 02:00:00,10.832999,10.001047
2018-03-26 03:00:00,10.341,10.757133
2018-03-26 04:00:00,10.059999,10.472172
2018-03-26 05:00:00,10.762999,10.17197
2018-03-26 06:00:00,10.762999,10.741575
2018-03-26 07:00:00,10.762999,10.851683
2018-03-26 08:00:00,11.043999,10.864503
2018-03-26 09:00:00,10.622,11.111433
2018-03-26 10:00:00,11.607,10.789171
2018-03-26 11:00:00,10.199999,11.585905
2018-03-26 12:00:00,11.115,10.506549
2018-03-26 13:00:00,12.239999,11.095044
2018-03-26 14:00:00,13.506999,12.185194
2018-03-26 15:00:00,13.365999,13.462188
2018-03-26 16:00:00,13.787999,13.519209
2018-03-26 17:00:00,13.717999,13.8429165
2018-03-26 18:00:00,13.646999,13.81863
2018-03-26 19:00:00,12.450999,13.729686
2018-03-26 20:00:00,11.747999,12.657354
2018-03-26 21:00:00,11.607,11.869539
2018-03-26 22:00:00,11.043999,11.633829
2018-03-26 23:00:00,10.832999,11.115511
2018-03-27 00:00:00,10.622,10.842638
2018-03-27 01:00:00,10.692999,10.623632
2018-03-27 02:00:00,10.341,10.663065
2018-03-27 03:00:00,10.622,10.384401
2018-03-27 04:00:00,10.482,10.608999
2018-03-27 05:00:00,10.271,10.555232
2018-03-27 06:00:00,10.482,10.3855095
2018-03-27 07:00:00,10.341,10.571541
2018-03-27 08:00:00,11.326,10.500303
2018-03-27 09:00:00,11.043999,11.372032
2018-03-27 10:00:00,11.888999,11.272034
2018-03-27 11:00:00,12.028999,11.9909935
2018-03-27 12:00:00,11.536999,12.228293
2018-03-27 13:00:00,11.536999,11.807231
2018-03-27 14:00:00,13.013999,11.719975
2018-03-27 15:00:00,13.084999,12.987585
2018-03-27 16:00:00,13.576999,13.236165
2018-03-27 17:00:00,13.646999,13.641714
2018-03-27 18:00:00,12.873999,13.730813
2018-03-27 19:00:00,11.536999,13.034311
2018-03-27 20:00:00,10.832999,11.751511
2018-03-27 21:00:00,10.482,10.951746
2018-03-27 22:00:00,10.199999,10.5385685
2018-03-27 23:00:00,9.707999,10.231676
2018-03-28 00:00:00,9.497,9.757359
2018-03-28 01:00:00,8.863999,9.500653
2018-03-28 02:00:00,8.863999,8.93531
2018-03-28 03:00:00,8.934,8.859865
2018-03-28 04:00:00,8.441999,8.935603
2018-03-28 05:00:00,8.581999,8.550284
2018-03-28 06:00:00,8.159999,8.627865
2018-03-28 07:00:00,8.934,8.3066435
2018-03-28 08:00:00,9.848999,8.935418
2018-03-28 09:00:00,9.988999,9.856272
2018-03-28 10:00:00,11.115,10.148582
2018-03-28 11:00:00,10.341,11.177961
2018-03-28 12:00:00,9.918999,10.684032
2018-03-28 13:00:00,10.832999,10.209322
2018-03-28 14:00:00,12.099999,10.908596
2018-03-28 15:00:00,12.591999,12.101685
2018-03-28 16:00:00,13.084999,12.694061
2018-03-28 17:00:00,13.084999,13.153471
2018-03-28 18:00:00,12.239999,13.180036
2018-03-28 19:00:00,11.326,12.41615
2018-03-28 20:00:00,10.903999,11.489794
2018-03-28 21:00:00,9.848999,10.979557
2018-03-28 22:00:00,9.497,10.011843
2018-03-28 23:00:00,9.566999,9.54054
2018-03-29 00:00:00,9.497,9.521007
2018-03-29 01:00:00,9.074999,9.461906
2018-03-29 02:00:00,9.285999,9.099594
2018-03-29 03:00:00,9.566999,9.23293
2018-03-29 04:00:00,9.074999,9.527834
2018-03-29 05:00:00,8.581999,9.182223
2018-03-29 06:00:00,8.159999,8.723749
2018-03-29 07:00:00,8.0199995,8.314043
2018-03-29 08:00:00,8.653,8.144646
2018-03-29 09:00:00,8.511999,8.663923
2018-03-29 10:00:00,9.145,8.639463
2018-03-29 11:00:00,8.863999,9.17464
2018-03-29 12:00:00,9.145,9.037132
2018-03-29 13:00:00,9.637999,9.250757
2018-03-29 14:00:00,10.129999,9.714006
2018-03-29 15:00:00,10.692999,10.213144
2018-03-29 16:00:00,10.482,10.771021
2018-03-29 17:00:00,10.341,10.67143
2018-03-29 18:00:00,9.637999,10.50777
2018-03-29 19:00:00,9.355999,9.871939
2018-03-29 20:00:00,9.425999,9.508976
2018-03-29 21:00:00,8.230999,9.493886
2018-03-29 22:00:00,7.808999,8.487245
2018-03-29 23:00:00,7.315999,7.9373655
2018-03-30 00:00:00,6.612999,7.4331627
2018-03-30 01:00:00,6.8239994,6.7654247
2018-03-30 02:00:00,6.472,6.8057537
2018-03-30 03:00:00,6.119999,6.5318804
2018-03-30 04:00:00,6.119999,6.1971836
2018-03-30 05:00:00,5.8389997,6.14285
2018-03-30 06:00:00,5.276,5.919036
2018-03-30 07:00:00,5.2059994,5.435981
2018-03-30 08:00:00,5.557,5.295639
2018-03-30 09:00:00,5.7679996,5.557106
2018-03-30 10:00:00,6.2609997,5.784794
2018-03-30 11:00:00,6.2609997,6.235368
2018-03-30 12:00:00,6.3309994,6.337281
2018-03-30 13:00:00,7.034999,6.423134
2018-03-30 14:00:00,7.034999,7.0215626
2018-03-30 15:00:00,7.3859997,7.1485825
2018-03-30 16:00:00,7.315999,7.456072
2018-03-30 17:00:00,7.808999,7.458357
2018-03-30 18:00:00,6.6829996,7.8522425
2018-03-30 19:00:00,5.7679996,7.01313
2018-03-30 20:00:00,6.3309994,6.10161
2018-03-30 21:00:00,6.4019995,6.3558264
2018-03-30 22:00:00,6.2609997,6.4523306
2018-03-30 23:00:00,5.979,6.3422346
2018-03-31 00:00:00,5.7679996,6.085698
2018-03-31 01:00:00,5.7679996,5.864419
2018-03-31 02:00:00,5.7679996,5.8208494
2018-03-31 03:00:00,5.7679996,5.814171
2018-03-31 04:00:00,5.7679996,5.815319
2018-03-31 05:00:00,5.7679996,5.8184004
2018-03-31 06:00:00,5.7679996,5.8236256
2018-03-31 07:00:00,5.7679996,5.829669
2018-03-31 08:00:00,5.7679996,5.8357496
2018-03-31 09:00:00,5.7679996,5.8411703
2018-03-31 10:00:00,5.7679996,5.8453064
2018-03-31 11:00:00,5.7679996,5.848299
2018-03-31 12:00:00,5.7679996,5.849886
2018-03-31 13:00:00,5.7679996,5.8509245
2018-03-31 14:00:00,5.7679996,5.8509846
2018-03-31 15:00:00,5.7679996,5.850603
2018-03-31 16:00:00,5.7679996,5.8498144
2018-03-31 17:00:00,5.7679996,5.848858
2018-03-31 18:00:00,5.7679996,5.847846
2018-03-31 19:00:00,5.7679996,5.8469343
2018-03-31 20:00:00,5.7679996,5.8460093
2018-03-31 21:00:00,5.7679996,5.8452196
2018-03-31 22:00:00,5.7679996,5.844492
2018-03-31 23:00:00,5.7679996,5.8438816
2018-04-01 00:00:00,9.004,5.843396
2018-04-01 01:00:00,9.215,8.449055
2018-04-01 02:00:00,9.004,9.221537
2018-04-01 03:00:00,8.653,9.164284
2018-04-01 04:00:00,9.215,8.846477
2018-04-01 05:00:00,9.215,9.251169
2018-04-01 06:00:00,9.425999,9.329874
2018-04-01 07:00:00,9.566999,9.495937
2018-04-01 08:00:00,10.199999,9.623993
2018-04-01 09:00:00,10.692999,10.152685
2018-04-01 10:00:00,11.115,10.651099
2018-04-01 11:00:00,10.973999,11.079417
2018-04-01 12:00:00,10.762999,11.02256
2018-04-01 13:00:00,11.607,10.818169
2018-04-01 14:00:00,11.255999,11.494259
2018-04-01 15:00:00,12.943999,11.32452
2018-04-01 16:00:00,12.732999,12.715204
2018-04-01 17:00:00,11.817999,12.789556
2018-04-01 18:00:00,11.747999,11.966766
2018-04-01 19:00:00,10.762999,11.765771
2018-04-01 20:00:00,10.692999,10.915621
2018-04-01 21:00:00,10.551999,10.718386
2018-04-01 22:00:00,10.482,10.578743
2018-04-01 23:00:00,10.129999,10.496155
2018-04-02 00:00:00,9.707999,10.183727
2018-04-02 01:00:00,10.199999,9.778496
2018-04-02 02:00:00,10.482,10.154793
2018-04-02 03:00:00,10.832999,10.48759
2018-04-02 04:00:00,10.341,10.863537
2018-04-02 05:00:00,10.341,10.50955
2018-04-02 06:00:00,10.059999,10.464342
2018-04-02 07:00:00,10.482,10.2327795
2018-04-02 08:00:00,9.637999,10.570181
2018-04-02 09:00:00,10.551999,9.896843
2018-04-02 10:00:00,10.482,10.566275
2018-04-02 11:00:00,10.129999,10.621067
2018-04-02 12:00:00,10.199999,10.307788
2018-04-02 13:00:00,11.6779995,10.307985
2018-04-02 14:00:00,12.028999,11.5884905
2018-04-02 15:00:00,12.099999,12.113278
2018-04-02 16:00:00,12.169999,12.227049
2018-04-02 17:00:00,12.028999,12.283344
2018-04-02 18:00:00,11.255999,12.1591625
2018-04-02 19:00:00,10.973999,11.459438
2018-04-02 20:00:00,10.551999,11.092337
2018-04-02 21:00:00,10.199999,10.670123
2018-04-02 22:00:00,10.341,10.290823
2018-04-02 23:00:00,9.848999,10.34144
2018-04-03 00:00:00,9.425999,9.93038
2018-04-03 01:00:00,9.355999,9.498367
2018-04-03 02:00:00,9.215,9.378437
2018-04-03 03:00:00,9.145,9.255262
2018-04-03 04:00:00,9.145,9.188756
2018-04-03 05:00:00,9.425999,9.193317
2018-04-03 06:00:00,9.285999,9.452033
2018-04-03 07:00:00,9.497,9.392536
2018-04-03 08:00:00,9.848999,9.575436
2018-04-03 09:00:00,10.692999,9.924249
2018-04-03 10:00:00,11.395999,10.722214
2018-04-03 11:00:00,11.326,11.472469
2018-04-03 12:00:00,11.395999,11.525269
2018-04-03 13:00:00,11.326,11.569321
2018-04-03 14:00:00,12.732999,11.502042
2018-04-03 15:00:00,12.943999,12.687082
2018-04-03 16:00:00,13.435999,13.051922
2018-04-03 17:00:00,13.717999,13.475009
2018-04-03 18:00:00,12.239999,13.747818
2018-04-03 19:00:00,12.169999,12.478813
2018-04-03 20:00:00,11.607,12.186392
2018-04-03 21:00:00,11.326,11.677901
2018-04-03 22:00:00,10.973999,11.34956
2018-04-03 23:00:00,10.903999,10.994534
2018-04-04 00:00:00,9.918999,10.878193
2018-04-04 01:00:00,8.863999,10.026724
2018-04-04 02:00:00,8.934,9.002365
2018-04-04 03:00:00,7.808999,8.916525
2018-04-04 04:00:00,6.8239994,7.981615
2018-04-04 05:00:00,7.1049995,7.0123634
2018-04-04 06:00:00,6.612999,7.09223
2018-04-04 07:00:00,5.1349993,6.710782
2018-04-04 08:00:00,5.3459997,5.447317
2018-04-04 09:00:00,5.0649996,5.395047
2018-04-04 10:00:00,5.276,5.168316
2018-04-04 11:00:00,5.276,5.2993813
2018-04-04 12:00:00,5.0649996,5.332574
2018-04-04 13:00:00,4.573,5.1814823
2018-04-04 14:00:00,4.2909994,4.772704
2018-04-04 15:00:00,4.431999,4.4801617
2018-04-04 16:00:00,4.2209997,4.537058
2018-04-04 17:00:00,4.08,4.382436
2018-04-04 18:00:00,3.7989998,4.238509
2018-04-04 19:00:00,3.658,3.9895773
2018-04-04 20:00:00,3.7989998,3.82697
2018-04-04 21:00:00,3.7989998,3.897131
2018-04-04 22:00:00,3.8689995,3.908783
2018-04-04 23:00:00,3.9390001,3.962638
2018-04-05 00:00:00,3.658,4.027817
2018-04-05 01:00:00,3.7989998,3.829359
2018-04-05 02:00:00,3.8689995,3.8942528
2018-04-05 03:00:00,3.7989998,3.962328
2018-04-05 04:00:00,4.3620005,3.923501
2018-04-05 05:00:00,3.658,4.3450108
2018-04-05 06:00:00,4.2209997,3.9027205
2018-04-05 07:00:00,3.5169992,4.232683
2018-04-05 08:00:00,3.0949993,3.772606
2018-04-05 09:00:00,0.42199993,3.3514585
2018-04-05 10:00:00,0.0,1.3447132
2018-04-05 11:00:00,-0.6329994,0.57958984
2018-04-05 12:00:00,-0.7029991,-0.042295456
2018-04-05 13:00:00,0.0,-0.26168633
2018-04-05 14:00:00,-0.6329994,0.14098167
2018-04-05 15:00:00,-0.9150009,-0.20325851
2018-04-05 16:00:00,0.0,-0.47785378
2018-04-05 17:00:00,0.5630007,0.07784653
2018-04-05 18:00:00,1.7589989,0.6024828
2018-04-05 19:00:00,0.5630007,1.5821018
2018-04-05 20:00:00,0.0,0.9825363
2018-04-05 21:00:00,2.039999,0.4584856
2018-04-05 22:00:00,0.49199963,1.7985115
2018-04-05 23:00:00,1.1259995,1.0088387
2018-04-06 00:00:00,0.98499966,1.270093
2018-04-06 01:00:00,0.0,1.2314663
2018-04-06 02:00:00,0.5630007,0.53431034
2018-04-06 03:00:00,1.9700003,0.75840855
2018-04-06 04:00:00,2.3920002,1.8069143
2018-04-06 05:00:00,1.4770002,2.3587809
2018-04-06 06:00:00,1.3369999,1.83286
2018-04-06 07:00:00,1.0550003,1.6153402
2018-04-06 08:00:00,1.0550003,1.3700266
2018-04-06 09:00:00,1.3369999,1.3108368
2018-04-06 10:00:00,1.8289995,1.4909248
2018-04-06 11:00:00,3.0949993,1.8796091
2018-04-06 12:00:00,4.01,2.896411
2018-04-06 13:00:00,4.6429996,3.830244
2018-04-06 14:00:00,4.995,4.5463533
2018-04-06 15:00:00,4.995,4.99881
2018-04-06 16:00:00,5.3459997,5.113619
2018-04-06 17:00:00,5.4869995,5.4170904
2018-04-06 18:00:00,5.3459997,5.59587
2018-04-06 19:00:00,5.3459997,5.5179214
2018-04-06 20:00:00,5.3459997,5.489752
2018-04-06 21:00:00,4.2209997,5.47209
2018-04-06 22:00:00,5.276,4.5954075
2018-04-06 23:00:00,4.854,5.196128
2018-04-07 00:00:00,4.502,4.996999
2018-04-07 01:00:00,4.2209997,4.6684895
2018-04-07 02:00:00,4.1500006,4.377454
2018-04-07 03:00:00,4.2209997,4.2572117
2018-04-07 04:00:00,4.2209997,4.2822
2018-04-07 05:00:00,4.1500006,4.285946
2018-04-07 06:00:00,3.7279997,4.232231
2018-04-07 07:00:00,4.995,3.9026833
2018-04-07 08:00:00,4.2209997,4.806011
2018-04-07 09:00:00,3.7279997,4.415638
2018-04-07 10:00:00,5.3459997,3.952754
2018-04-07 11:00:00,3.3059998,5.108222
2018-04-07 12:00:00,3.235999,3.8057184
2018-04-07 13:00:00,3.5169992,3.4592304
2018-04-07 14:00:00,4.502,3.5967588
2018-04-07 15:00:00,4.995,4.3706846
2018-04-07 16:00:00,5.276,4.9199333
2018-04-07 17:00:00,5.7679996,5.2630816
2018-04-07 18:00:00,6.05,5.7335625
2018-04-07 19:00:00,5.698,6.070589
2018-04-07 20:00:00,5.3459997,5.8717823
2018-04-07 21:00:00,4.923999,5.553257
2018-04-07 22:00:00,4.854,5.15656
2018-04-07 23:00:00,5.0649996,5.01019
2018-04-08 00:00:00,4.573,5.131013
2018-04-08 01:00:00,4.7129993,4.7656794
2018-04-08 02:00:00,4.502,4.783396
2018-04-08 03:00:00,4.502,4.6212816
2018-04-08 04:00:00,4.502,4.5819187
2018-04-08 05:00:00,4.6429996,4.5730085
2018-04-08 06:00:00,4.573,4.6802025
2018-04-08 07:00:00,5.698,4.651702
2018-04-08 08:00:00,5.7679996,5.525588
2018-04-08 09:00:00,5.6279993,5.7806234
2018-04-08 10:00:00,5.416999,5.7277184
2018-04-08 11:00:00,5.698,5.556636
2018-04-08 12:00:00,5.6279993,5.747858
2018-04-08 13:00:00,6.2609997,5.734828
2018-04-08 14:00:00,7.1049995,6.2286158
2018-04-08 15:00:00,7.668,7.006775
2018-04-08 16:00:00,7.808999,7.624976
2018-04-08 17:00:00,7.8789997,7.8647165
2018-04-08 18:00:00,7.596999,7.9647026
2018-04-08 19:00:00,8.230999,7.7535048
2018-04-08 20:00:00,8.300999,8.219267
2018-04-08 21:00:00,7.8789997,8.367193
2018-04-08 22:00:00,7.738,8.03729
2018-04-08 23:00:00,7.2460003,7.843217
2018-04-09 00:00:00,7.3859997,7.403452
2018-04-09 01:00:00,7.668,7.420558
2018-04-09 02:00:00,7.738,7.6491356
2018-04-09 03:00:00,7.457,7.746688
2018-04-09 04:00:00,7.457,7.5338745
2018-04-09 05:00:00,7.2460003,7.493346
2018-04-09 06:00:00,6.893999,7.3217096
2018-04-09 07:00:00,8.0199995,7.0076437
2018-04-09 08:00:00,8.653,7.8703976
2018-04-09 09:00:00,9.425999,8.57469
2018-04-09 10:00:00,10.551999,9.357798
2018-04-09 11:00:00,9.778,10.460495
2018-04-09 12:00:00,9.285999,10.019344
2018-04-09 13:00:00,9.988999,9.499255
2018-04-09 14:00:00,11.326,10.000691
2018-04-09 15:00:00,10.903999,11.220959
2018-04-09 16:00:00,12.099999,11.072088
2018-04-09 17:00:00,12.450999,12.005159
2018-04-09 18:00:00,12.028999,12.464589
2018-04-09 19:00:00,10.482,12.145816
2018-04-09 20:00:00,9.918999,10.753565
2018-04-09 21:00:00,9.707999,10.039915
2018-04-09 22:00:00,9.497,9.75782
2018-04-09 23:00:00,9.215,9.531128
2018-04-10 00:00:00,8.863999,9.245476
2018-04-10 01:00:00,8.723,8.89735
2018-04-10 02:00:00,8.653,8.725037
2018-04-10 03:00:00,8.723,8.652428
2018-04-10 04:00:00,8.441999,8.717566
2018-04-10 05:00:00,8.581999,8.511286
2018-04-10 06:00:00,8.653,8.612671
2018-04-10 07:00:00,9.215,8.713114
2018-04-10 08:00:00,9.918999,9.2274275
2018-04-10 09:00:00,10.482,9.938799
2018-04-10 10:00:00,9.215,10.558559
2018-04-10 11:00:00,9.566999,9.575394
2018-04-10 12:00:00,8.934,9.696067
2018-04-10 13:00:00,9.425999,9.188234
2018-04-10 14:00:00,10.551999,9.498548
2018-04-10 15:00:00,10.622,10.497275
2018-04-10 16:00:00,11.184999,10.719845
2018-04-10 17:00:00,10.903999,11.205893
2018-04-10 18:00:00,12.028999,11.039295
2018-04-10 19:00:00,11.607,11.956094
2018-04-10 20:00:00,11.184999,11.754173
2018-04-10 21:00:00,11.043999,11.322653
2018-04-10 22:00:00,10.551999,11.12199
2018-04-10 23:00:00,11.043999,10.669502
2018-04-11 00:00:00,10.341,11.004221
2018-04-11 01:00:00,10.482,10.463394
2018-04-11 02:00:00,10.551999,10.476507
2018-04-11 03:00:00,10.410999,10.549738
2018-04-11 04:00:00,10.551999,10.44726
2018-04-11 05:00:00,10.551999,10.559041
2018-04-11 06:00:00,9.778,10.592571
2018-04-11 07:00:00,9.918999,9.942622
2018-04-11 08:00:00,9.918999,9.966582
2018-04-11 09:00:00,9.707999,9.991224
2018-04-11 10:00:00,10.341,9.819708
2018-04-11 11:00:00,10.129999,10.342077
2018-04-11 12:00:00,10.271,10.256714
2018-04-11 13:00:00,10.341,10.361492
2018-04-11 14:00:00,10.973999,10.446845
2018-04-11 15:00:00,10.973999,11.013158
2018-04-11 16:00:00,10.762999,11.108904
2018-04-11 17:00:00,9.778,10.927944
2018-04-11 18:00:00,9.425999,10.044204
2018-04-11 19:00:00,8.723,9.593484
2018-04-11 20:00:00,7.8789997,8.926469
2018-04-11 21:00:00,7.668,8.098367
2018-04-11 22:00:00,7.3859997,7.766675
2018-04-11 23:00:00,6.9639997,7.4681892
2018-04-12 00:00:00,6.9639997,7.060378
2018-04-12 01:00:00,6.612999,6.9841824
2018-04-12 02:00:00,6.612999,6.690366
2018-04-12 03:00:00,6.05,6.644307
2018-04-12 04:00:00,6.4019995,6.1910048
2018-04-12 05:00:00,5.9089994,6.4022093
2018-04-12 06:00:00,5.7679996,6.055254
2018-04-12 07:00:00,5.6279993,5.881157
2018-04-12 08:00:00,5.9089994,5.742382
2018-04-12 09:00:00,5.9089994,5.945878
2018-04-12 10:00:00,5.979,5.9901304
2018-04-12 11:00:00,6.3309994,6.05713
2018-04-12 12:00:00,6.472,6.3587866
2018-04-12 13:00:00,6.05,6.5378904
2018-04-12 14:00:00,6.542,6.2361803
2018-04-12 15:00:00,6.472,6.5705137
2018-04-12 16:00:00,6.3309994,6.5834265
2018-04-12 17:00:00,5.7679996,6.466688
2018-04-12 18:00:00,5.6279993,5.9899054
2018-04-12 19:00:00,5.3459997,5.7756004
2018-04-12 20:00:00,4.854,5.504093
2018-04-12 21:00:00,5.1349993,5.055134
2018-04-12 22:00:00,4.995,5.171174
2018-04-12 23:00:00,4.6429996,5.0812883
2018-04-13 00:00:00,4.995,4.78391
2018-04-13 01:00:00,4.923999,4.9936543
2018-04-13 02:00:00,4.7839994,4.9868
2018-04-13 03:00:00,4.854,4.8786354
2018-04-13 04:00:00,4.854,4.914757
2018-04-13 05:00:00,4.7839994,4.927597
2018-04-13 06:00:00,4.7129993,4.879463
2018-04-13 07:00:00,4.573,4.8166504
2018-04-13 08:00:00,4.2909994,4.6969156
2018-04-13 09:00:00,4.2909994,4.4541845
2018-04-13 10:00:00,4.3620005,4.401417
2018-04-13 11:00:00,4.573,4.443262
2018-04-13 12:00:00,5.0649996,4.6126413
2018-04-13 13:00:00,4.6429996,5.031146
2018-04-13 14:00:00,4.854,4.7969084
2018-04-13 15:00:00,5.276,4.9113197
2018-04-13 16:00:00,4.854,5.2708006
2018-04-13 17:00:00,5.8389997,5.0223923
2018-04-13 18:00:00,4.573,5.739563
2018-04-13 19:00:00,3.0949993,4.9115286
2018-04-13 20:00:00,3.7989998,3.6076403
2018-04-13 21:00:00,4.854,3.8531523
2018-04-13 22:00:00,3.0949993,4.7023773
2018-04-13 23:00:00,3.5880003,3.545103
2018-04-14 00:00:00,4.2909994,3.6466017
2018-04-14 01:00:00,4.3620005,4.2066183
2018-04-14 02:00:00,4.1500006,4.3850117
2018-04-14 03:00:00,4.6429996,4.263857
2018-04-14 04:00:00,5.2059994,4.623561
2018-04-14 05:00:00,4.854,5.149436
2018-04-14 06:00:00,5.2059994,4.997406
2018-04-14 07:00:00,4.854,5.2411795
2018-04-14 08:00:00,4.923999,5.0252542
2018-04-14 09:00:00,3.4469995,5.032297
2018-04-14 10:00:00,4.3620005,3.9052925
2018-04-14 11:00:00,3.7989998,4.348695
2018-04-14 12:00:00,3.7989998,4.0080233
2018-04-14 13:00:00,3.9390001,3.9206839
2018-04-14 14:00:00,4.01,4.001692
2018-04-14 15:00:00,4.431999,4.071025
2018-04-14 16:00:00,5.3459997,4.4090557
2018-04-14 17:00:00,5.2059994,5.19652
2018-04-14 18:00:00,5.416999,5.27085
2018-04-14 19:00:00,5.0649996,5.456806
2018-04-14 20:00:00,4.923999,5.231223
2018-04-14 21:00:00,3.8689995,5.07714
2018-04-14 22:00:00,4.3620005,4.234865
2018-04-14 23:00:00,4.502,4.4231358
2018-04-15 00:00:00,4.854,4.5623093
2018-04-15 01:00:00,5.3459997,4.8530674
2018-04-15 02:00:00,4.6429996,5.294754
2018-04-15 03:00:00,4.854,4.8480625
2018-04-15 04:00:00,5.1349993,4.914797
2018-04-15 05:00:00,5.276,5.153965
2018-04-15 06:00:00,5.1349993,5.31744
2018-04-15 07:00:00,5.7679996,5.2429256
2018-04-15 08:00:00,4.854,5.7231617
2018-04-15 09:00:00,5.979,5.116391
2018-04-15 10:00:00,6.2609997,5.8635473
2018-04-15 11:00:00,6.191,6.2524977
2018-04-15 12:00:00,6.612999,6.275894
2018-04-15 13:00:00,6.8239994,6.614608
2018-04-15 14:00:00,8.300999,6.858326
2018-04-15 15:00:00,8.723,8.101133
2018-04-15 16:00:00,9.425999,8.714306
2018-04-15 17:00:00,9.355999,9.400101
2018-04-15 18:00:00,8.723,9.471222
2018-04-15 19:00:00,7.808999,8.945332
2018-04-15 20:00:00,6.9639997,8.08957
2018-04-15 21:00:00,6.2609997,7.240155
2018-04-15 22:00:00,6.05,6.5056324
2018-04-15 23:00:00,6.05,6.1741085
2018-04-16 00:00:00,6.8239994,6.088913
2018-04-16 01:00:00,6.472,6.673671
2018-04-16 02:00:00,6.612999,6.510215
2018-04-16 03:00:00,6.542,6.590619
2018-04-16 04:00:00,6.4019995,6.566366
2018-04-16 05:00:00,5.9089994,6.4646645
2018-04-16 06:00:00,6.191,6.0620375
2018-04-16 07:00:00,6.3309994,6.2174006
2018-04-16 08:00:00,6.542,6.368826
2018-04-16 09:00:00,6.6829996,6.571719
2018-04-16 10:00:00,6.9639997,6.7296944
2018-04-16 11:00:00,7.315999,6.993128
2018-04-16 12:00:00,6.9639997,7.3371687
2018-04-16 13:00:00,7.2460003,7.122653
2018-04-16 14:00:00,8.0199995,7.3066397
2018-04-16 15:00:00,8.653,7.977519
2018-04-16 16:00:00,9.004,8.630686
2018-04-16 17:00:00,8.511999,9.041549
2018-04-16 18:00:00,7.738,8.703232
2018-04-16 19:00:00,7.668,7.991391
2018-04-16 20:00:00,6.893999,7.7940454
2018-04-16 21:00:00,6.8239994,7.12823
2018-04-16 22:00:00,6.893999,6.9249477
2018-04-16 23:00:00,6.191,6.930381
2018-04-17 00:00:00,5.9089994,6.359646
2018-04-17 01:00:00,6.2609997,6.0123596
2018-04-17 02:00:00,6.2609997,6.2244215
2018-04-17 03:00:00,5.9089994,6.2716694
2018-04-17 04:00:00,6.2609997,6.003188
2018-04-17 05:00:00,5.7679996,6.238246
2018-04-17 06:00:00,5.7679996,5.9034863
2018-04-17 07:00:00,6.6829996,5.841939
2018-04-17 08:00:00,7.2460003,6.57473
2018-04-17 09:00:00,8.159999,7.1902466
2018-04-17 10:00:00,8.863999,8.070769
2018-04-17 11:00:00,7.8789997,8.840863
2018-04-17 12:00:00,8.09,8.180079
2018-04-17 13:00:00,8.934,8.212955
2018-04-17 14:00:00,9.566999,8.921219
2018-04-17 15:00:00,10.271,9.575218
2018-04-17 16:00:00,10.903999,10.264246
2018-04-17 17:00:00,10.903999,10.9006
2018-04-17 18:00:00,10.622,10.993939
2018-04-17 19:00:00,8.934,10.743375
2018-04-17 20:00:00,8.09,9.285927
2018-04-17 21:00:00,8.159999,8.320139
2018-04-17 22:00:00,7.9489994,8.200585
2018-04-17 23:00:00,7.668,7.9995794
2018-04-18 00:00:00,7.457,7.713995
2018-04-18 01:00:00,7.2460003,7.4795055
2018-04-18 02:00:00,7.3859997,7.267352
2018-04-18 03:00:00,7.2460003,7.352701
2018-04-18 04:00:00,7.2460003,7.269758
2018-04-18 05:00:00,7.2460003,7.268675
2018-04-18 06:00:00,6.9639997,7.2861013
2018-04-18 07:00:00,7.738,7.072667
2018-04-18 08:00:00,9.145,7.68522
2018-04-18 09:00:00,8.723,8.995923
2018-04-18 10:00:00,9.637999,8.904816
2018-04-18 11:00:00,9.215,9.646521
2018-04-18 12:00:00,9.285999,9.437343
2018-04-18 13:00:00,9.988999,9.443239
2018-04-18 14:00:00,11.184999,10.029312
2018-04-18 15:00:00,11.536999,11.132424
2018-04-18 16:00:00,12.310999,11.610943
2018-04-18 17:00:00,12.661999,12.3049
2018-04-18 18:00:00,11.817999,12.695204
2018-04-18 19:00:00,10.129999,12.004823
2018-04-18 20:00:00,9.988999,10.438105
2018-04-18 21:00:00,9.355999,10.04718
2018-04-18 22:00:00,9.004,9.469477
2018-04-18 23:00:00,8.934,9.060543
2018-04-19 00:00:00,8.511999,8.9199095
2018-04-19 01:00:00,8.441999,8.542854
2018-04-19 02:00:00,8.371,8.420679
2018-04-19 03:00:00,8.230999,8.35697
2018-04-19 04:00:00,8.0199995,8.247952
2018-04-19 05:00:00,8.0199995,8.0728035
2018-04-19 06:00:00,7.5269995,8.063977
2018-04-19 07:00:00,8.09,7.6699495
2018-04-19 08:00:00,9.074999,8.087618
2018-04-19 09:00:00,9.285999,9.015987
2018-04-19 10:00:00,9.918999,9.376572
2018-04-19 11:00:00,9.778,9.983517
2018-04-19 12:00:00,10.271,9.9758
2018-04-19 13:00:00,11.043999,10.387193
2018-04-19 14:00:00,11.888999,11.114795
2018-04-19 15:00:00,12.591999,11.945866
2018-04-19 16:00:00,12.521999,12.657454
2018-04-19 17:00:00,12.169999,12.671395
2018-04-19 18:00:00,11.607,12.318392
2018-04-19 19:00:00,10.410999,11.751321
2018-04-19 20:00:00,9.848999,10.635322
2018-04-19 21:00:00,9.355999,9.962982
2018-04-19 22:00:00,8.934,9.43608
2018-04-19 23:00:00,8.511999,8.984793
2018-04-20 00:00:00,8.511999,8.548866
2018-04-20 01:00:00,8.653,8.472621
2018-04-20 02:00:00,8.792999,8.590445
2018-04-20 03:00:00,8.371,8.747286
2018-04-20 04:00:00,8.300999,8.440325
2018-04-20 05:00:00,8.09,8.351162
2018-04-20 06:00:00,8.371,8.186128
2018-04-20 07:00:00,9.145,8.416489
2018-04-20 08:00:00,9.004,9.134796
2018-04-20 09:00:00,8.863999,9.153572
2018-04-20 10:00:00,9.497,9.036612
2018-04-20 11:00:00,9.988999,9.5618305
2018-04-20 12:00:00,10.341,10.078681
2018-04-20 13:00:00,11.747999,10.459682
2018-04-20 14:00:00,12.380999,11.713226
2018-04-20 15:00:00,12.943999,12.4655485
2018-04-20 16:00:00,13.435999,13.028877
2018-04-20 17:00:00,12.873999,13.497837
2018-04-20 18:00:00,12.239999,13.04618
2018-04-20 19:00:00,11.747999,12.38276
2018-04-20 20:00:00,11.255999,11.84129
2018-04-20 21:00:00,11.888999,11.3280525
2018-04-20 22:00:00,11.043999,11.769592
2018-04-20 23:00:00,10.903999,11.12414
2018-04-21 00:00:00,10.973999,10.873815
2018-04-21 01:00:00,10.903999,10.910658
2018-04-21 02:00:00,11.326,10.877291
2018-04-21 03:00:00,10.341,11.258117
2018-04-21 04:00:00,9.566999,10.488119
2018-04-21 05:00:00,10.271,9.71032
2018-04-21 06:00:00,10.341,10.231499
2018-04-21 07:00:00,10.341,10.406652
2018-04-21 08:00:00,10.059999,10.43968
2018-04-21 09:00:00,10.622,10.2093115
2018-04-21 10:00:00,10.762999,10.678337
2018-04-21 11:00:00,10.482,10.893812
2018-04-21 12:00:00,11.255999,10.681977
2018-04-21 13:00:00,11.255999,11.323513
2018-04-21 14:00:00,9.778,11.43
2018-04-21 15:00:00,10.271,10.146839
2018-04-21 16:00:00,9.848999,10.349737
2018-04-21 17:00:00,9.566999,10.027601
2018-04-21 18:00:00,9.425999,9.712598
2018-04-21 19:00:00,9.355999,9.526932
2018-04-21 20:00:00,9.497,9.428501
2018-04-21 21:00:00,9.004,9.528284
2018-04-21 22:00:00,9.215,9.128164
2018-04-21 23:00:00,9.145,9.238862
2018-04-22 00:00:00,9.566999,9.210924
2018-04-22 01:00:00,9.707999,9.571739
2018-04-22 02:00:00,9.637999,9.764746
2018-04-22 03:00:00,9.707999,9.741878
2018-04-22 04:00:00,7.034999,9.801828
2018-04-22 05:00:00,8.653,7.5887594
2018-04-22 06:00:00,9.355999,8.534186
2018-04-22 07:00:00,8.511999,9.31056
2018-04-22 08:00:00,9.988999,8.721975
2018-04-22 09:00:00,10.341,9.847157
2018-04-22 10:00:00,9.918999,10.37081
2018-04-22 11:00:00,9.425999,10.093348
2018-04-22 12:00:00,9.637999,9.617975
2018-04-22 13:00:00,9.497,9.721561
2018-04-22 14:00:00,9.355999,9.624377
2018-04-22 15:00:00,9.918999,9.475818
2018-04-22 16:00:00,10.059999,9.914423
2018-04-22 17:00:00,10.271,10.107462
2018-04-22 18:00:00,10.059999,10.308025
2018-04-22 19:00:00,9.988999,10.158802
2018-04-22 20:00:00,8.371,10.068245
2018-04-22 21:00:00,8.441999,8.699254
2018-04-22 22:00:00,7.738,8.511835
2018-04-22 23:00:00,7.1049995,7.907525
2018-04-23 00:00:00,6.7529993,7.2687263
2018-04-23 01:00:00,6.4019995,6.8583174
2018-04-23 02:00:00,5.8389997,6.494686
2018-04-23 03:00:00,5.9089994,5.971629
2018-04-23 04:00:00,5.416999,5.9295273
2018-04-23 05:00:00,4.995,5.5343275
2018-04-23 06:00:00,5.1349993,5.128106
2018-04-23 07:00:00,4.6429996,5.167794
2018-04-23 08:00:00,4.3620005,4.795249
2018-04-23 09:00:00,4.2909994,4.5059776
2018-04-23 10:00:00,3.658,4.398039
2018-04-23 11:00:00,3.1660004,3.8903074
2018-04-23 12:00:00,3.5169992,3.411068
2018-04-23 13:00:00,3.235999,3.5773506
2018-04-23 14:00:00,3.235999,3.395174
2018-04-23 15:00:00,3.7279997,3.3546648
2018-04-23 16:00:00,5.2059994,3.7215767
2018-04-23 17:00:00,5.698,4.951747
2018-04-23 18:00:00,5.2059994,5.624406
2018-04-23 19:00:00,5.557,5.3938847
2018-04-23 20:00:00,4.6429996,5.6294603
2018-04-23 21:00:00,5.4869995,4.9743824
2018-04-23 22:00:00,6.05,5.4924574
2018-04-23 23:00:00,5.1349993,6.0408487
2018-04-24 00:00:00,6.2609997,5.4298887
2018-04-24 01:00:00,6.4019995,6.168825
2018-04-24 02:00:00,6.612999,6.4393787
2018-04-24 03:00:00,6.2609997,6.6542606
2018-04-24 04:00:00,6.6829996,6.4150295
2018-04-24 05:00:00,6.3309994,6.6946077
2018-04-24 06:00:00,6.7529993,6.47458
2018-04-24 07:00:00,6.542,6.7551756
2018-04-24 08:00:00,6.2609997,6.64388
2018-04-24 09:00:00,6.9639997,6.3900995
2018-04-24 10:00:00,6.472,6.894085
2018-04-24 11:00:00,7.1049995,6.6080513
2018-04-24 12:00:00,7.175,7.047639
2018-04-24 13:00:00,8.0199995,7.199913
2018-04-24 14:00:00,8.159999,7.9149866
2018-04-24 15:00:00,8.653,8.181581
2018-04-24 16:00:00,8.230999,8.635927
2018-04-24 17:00:00,7.668,8.381988
2018-04-24 18:00:00,8.441999,7.865341
2018-04-24 19:00:00,7.9489994,8.398569
2018-04-24 20:00:00,7.808999,8.101557
2018-04-24 21:00:00,7.738,7.9113636
2018-04-24 22:00:00,7.3859997,7.811652
2018-04-24 23:00:00,7.668,7.502392
2018-04-25 00:00:00,7.457,7.6669865
2018-04-25 01:00:00,7.315999,7.528306
2018-04-25 02:00:00,7.808999,7.3832865
2018-04-25 03:00:00,7.5269995,7.7614737
2018-04-25 04:00:00,6.542,7.611458
2018-04-25 05:00:00,7.034999,6.782545
2018-04-25 06:00:00,7.8789997,7.02551
2018-04-25 07:00:00,9.074999,7.7737894
2018-04-25 08:00:00,8.0199995,8.915749
2018-04-25 09:00:00,8.511999,8.268221
2018-04-25 10:00:00,9.497,8.537167
2018-04-25 11:00:00,9.145,9.42935
2018-04-25 12:00:00,9.566999,9.309019
2018-04-25 13:00:00,8.863999,9.619057
2018-04-25 14:00:00,9.848999,9.087446
2018-04-25 15:00:00,10.199999,9.796007
2018-04-25 16:00:00,9.988999,10.223806
2018-04-25 17:00:00,10.551999,10.103219
2018-04-25 18:00:00,10.271,10.533489
2018-04-25 19:00:00,9.425999,10.372563
2018-04-25 20:00:00,8.511999,9.618941
2018-04-25 21:00:00,9.074999,8.721369
2018-04-25 22:00:00,8.934,9.029377
2018-04-25 23:00:00,8.511999,8.974148
2018-04-26 00:00:00,8.723,8.599953
2018-04-26 01:00:00,8.511999,8.704878
2018-04-26 02:00:00,9.215,8.559088
2018-04-26 03:00:00,9.425999,9.131926
2018-04-26 04:00:00,9.355999,9.431962
2018-04-26 05:00:00,9.566999,9.433333
2018-04-26 06:00:00,9.074999,9.622364
2018-04-26 07:00:00,9.848999,9.250369
2018-04-26 08:00:00,10.271,9.8457
2018-04-26 09:00:00,9.848999,10.320188
2018-04-26 10:00:00,9.988999,10.032813
2018-04-26 11:00:00,10.692999,10.085699
2018-04-26 12:00:00,10.832999,10.6957035
2018-04-26 13:00:00,10.622,10.917095
2018-04-26 14:00:00,11.115,10.754129
2018-04-26 15:00:00,10.482,11.132217
2018-04-26 16:00:00,11.607,10.65444
2018-04-26 17:00:00,11.326,11.517164
2018-04-26 18:00:00,10.059999,11.430426
2018-04-26 19:00:00,10.341,10.307917
2018-04-26 20:00:00,9.778,10.349134
2018-04-26 21:00:00,10.129999,9.896971
2018-04-26 22:00:00,10.482,10.111965
2018-04-26 23:00:00,9.848999,10.454987
2018-04-27 00:00:00,9.778,9.97109
2018-04-27 01:00:00,9.918999,9.826481
2018-04-27 02:00:00,9.918999,9.942179
2018-04-27 03:00:00,9.425999,9.976177
2018-04-27 04:00:00,9.497,9.566902
2018-04-27 05:00:00,9.637999,9.56525
2018-04-27 06:00:00,9.778,9.699127
2018-04-27 07:00:00,10.341,9.847891
2018-04-27 08:00:00,11.184999,10.3612
2018-04-27 09:00:00,11.255999,11.184863
2018-04-27 10:00:00,11.6779995,11.386441
2018-04-27 11:00:00,11.326,11.771057
2018-04-27 12:00:00,11.607,11.52289
2018-04-27 13:00:00,12.732999,11.709017
2018-04-27 14:00:00,13.084999,12.708453
2018-04-27 15:00:00,13.998999,13.162115
2018-04-27 16:00:00,14.209999,13.980566
2018-04-27 17:00:00,13.998999,14.260925
2018-04-27 18:00:00,13.717999,14.068954
2018-04-27 19:00:00,12.450999,13.762623
2018-04-27 20:00:00,11.6779995,12.609644
2018-04-27 21:00:00,11.326,11.762379
2018-04-27 22:00:00,11.043999,11.344149
2018-04-27 23:00:00,10.973999,11.04595
2018-04-28 00:00:00,10.832999,10.94014
2018-04-28 01:00:00,10.692999,10.81035
2018-04-28 02:00:00,10.973999,10.684694
2018-04-28 03:00:00,9.566999,10.940123
2018-04-28 04:00:00,9.566999,9.78483
2018-04-28 05:00:00,9.497,9.6277485
2018-04-28 06:00:00,9.497,9.584287
2018-04-28 07:00:00,9.637999,9.597683
2018-04-28 08:00:00,10.199999,9.737341
2018-04-28 09:00:00,10.059999,10.267088
2018-04-28 10:00:00,10.832999,10.2437725
2018-04-28 11:00:00,10.832999,10.924847
2018-04-28 12:00:00,11.326,11.045044
2018-04-28 13:00:00,11.817999,11.4858055
2018-04-28 14:00:00,12.8029995,11.978128
2018-04-28 15:00:00,13.224999,12.894927
2018-04-28 16:00:00,13.928999,13.378788
2018-04-28 17:00:00,13.084999,14.011848
2018-04-28 18:00:00,12.591999,13.326604
2018-04-28 19:00:00,11.817999,12.735212
2018-04-28 20:00:00,11.536999,11.967646
2018-04-28 21:00:00,11.115,11.593254
2018-04-28 22:00:00,10.832999,11.166645
2018-04-28 23:00:00,10.692999,10.844536
2018-04-29 00:00:00,10.903999,10.670101
2018-04-29 01:00:00,11.607,10.832041
2018-04-29 02:00:00,11.607,11.489454
2018-04-29 03:00:00,11.184999,11.619554
2018-04-29 04:00:00,11.747999,11.28324
2018-04-29 05:00:00,11.607,11.757187
2018-04-29 06:00:00,11.326,11.741836
2018-04-29 07:00:00,11.959,11.500242
2018-04-29 08:00:00,12.591999,12.03523
2018-04-29 09:00:00,12.661999,12.689229
2018-04-29 10:00:00,12.591999,12.838492
2018-04-29 11:00:00,12.028999,12.773561
2018-04-29 12:00:00,12.521999,12.251238
2018-04-29 13:00:00,11.959,12.596837
2018-04-29 14:00:00,12.8029995,12.150843
2018-04-29 15:00:00,12.661999,12.79828
2018-04-29 16:00:00,12.450999,12.768594
2018-04-29 17:00:00,13.295999,12.548704
2018-04-29 18:00:00,12.943999,13.253362
2018-04-29 19:00:00,12.732999,13.054864
2018-04-29 20:00:00,12.661999,12.817153
2018-04-29 21:00:00,12.450999,12.723699
2018-04-29 22:00:00,12.521999,12.532042
2018-04-29 23:00:00,12.380999,12.569936
2018-04-30 00:00:00,12.732999,12.456475
2018-04-30 01:00:00,12.521999,12.753804
2018-04-30 02:00:00,12.099999,12.61844
2018-04-30 03:00:00,11.6779995,12.223142
2018-04-30 04:00:00,11.888999,11.802471
2018-04-30 05:00:00,12.591999,11.944963
2018-04-30 06:00:00,12.732999,12.608934
2018-04-30 07:00:00,12.943999,12.838603
2018-04-30 08:00:00,12.873999,13.0524025
2018-04-30 09:00:00,12.521999,13.022667
2018-04-30 10:00:00,13.717999,12.705027
2018-04-30 11:00:00,13.646999,13.735122
2018-04-30 12:00:00,14.561999,13.826057
2018-04-30 13:00:00,14.842999,14.6208105
2018-04-30 14:00:00,15.053999,14.968248
2018-04-30 15:00:00,15.897999,15.162871
2018-04-30 16:00:00,16.813,15.911869
2018-04-30 17:00:00,15.827999,16.803194
2018-04-30 18:00:00,14.772999,15.9862175
2018-04-30 19:00:00,14.490999,14.870358
2018-04-30 20:00:00,13.576999,14.478897
2018-04-30 21:00:00,13.224999,13.643542
2018-04-30 22:00:00,13.506999,13.214388
2018-04-30 23:00:00,13.365999,13.419525
2018-05-01 00:00:00,13.435999,13.339929
2018-05-01 01:00:00,13.435999,13.402078
2018-05-01 02:00:00,13.576999,13.443659
2018-05-01 03:00:00,13.435999,13.619129
2018-05-01 04:00:00,13.084999,13.557706
2018-05-01 05:00:00,13.646999,13.265361
2018-05-01 06:00:00,13.787999,13.783424
2018-05-01 07:00:00,13.998999,14.012528
2018-05-01 08:00:00,14.068999,14.239039
2018-05-01 09:00:00,13.435999,14.330098
2018-05-01 10:00:00,13.576999,13.750679
2018-05-01 11:00:00,12.873999,13.7926035
2018-05-01 12:00:00,12.873999,13.15564
2018-05-01 13:00:00,12.380999,13.048352
2018-05-01 14:00:00,12.732999,12.580877
2018-05-01 15:00:00,13.506999,12.81369
2018-05-01 16:00:00,13.435999,13.538672
2018-05-01 17:00:00,13.646999,13.566819
2018-05-01 18:00:00,7.5269995,13.74113
2018-05-01 19:00:00,5.7679996,8.598686
2018-05-01 20:00:00,8.0199995,6.2876196
2018-05-01 21:00:00,9.778,7.7699747
2018-05-01 22:00:00,10.832999,9.52055
2018-05-01 23:00:00,10.482,10.704549
2018-05-02 00:00:00,10.482,10.593566
2018-05-02 01:00:00,10.341,10.594601
2018-05-02 02:00:00,10.199999,10.527654
2018-05-02 03:00:00,10.059999,10.433154
2018-05-02 04:00:00,9.566999,10.312264
2018-05-02 05:00:00,9.637999,9.860971
2018-05-02 06:00:00,10.129999,9.833881
2018-05-02 07:00:00,9.215,10.235741
2018-05-02 08:00:00,9.215,9.498278
2018-05-02 09:00:00,9.707999,9.345429
2018-05-02 10:00:00,9.285999,9.733078
2018-05-02 11:00:00,9.425999,9.434504
2018-05-02 12:00:00,9.918999,9.485253
2018-05-02 13:00:00,9.918999,9.914021
2018-05-02 14:00:00,9.918999,9.990752
2018-05-02 15:00:00,10.271,9.998013
2018-05-02 16:00:00,10.482,10.300856
2018-05-02 17:00:00,10.622,10.537977
2018-05-02 18:00:00,10.832999,10.694746
2018-05-02 19:00:00,10.059999,10.897028
2018-05-02 20:00:00,10.129999,10.265837
2018-05-02 21:00:00,9.074999,10.20753
2018-05-02 22:00:00,8.0199995,9.311895
2018-05-02 23:00:00,7.738,8.269967
2018-05-03 00:00:00,8.230999,7.8512573
2018-05-03 01:00:00,7.808999,8.182595
2018-05-03 02:00:00,8.230999,7.887274
2018-05-03 03:00:00,8.723,8.17769
2018-05-03 04:00:00,8.581999,8.658367
2018-05-03 05:00:00,8.371,8.643127
2018-05-03 06:00:00,8.653,8.475741
2018-05-03 07:00:00,9.637999,8.702122
2018-05-03 08:00:00,9.918999,9.596598
2018-05-03 09:00:00,9.707999,10.007463
2018-05-03 10:00:00,9.497,9.89069
2018-05-03 11:00:00,9.215,9.681337
2018-05-03 12:00:00,9.778,9.402957
2018-05-03 13:00:00,10.622,9.820236
2018-05-03 14:00:00,12.028999,10.600417
2018-05-03 15:00:00,12.943999,11.92078
2018-05-03 16:00:00,13.857999,12.922844
2018-05-03 17:00:00,12.943999,13.837963
2018-05-03 18:00:00,13.295999,13.157952
2018-05-03 19:00:00,11.536999,13.294087
2018-05-03 20:00:00,11.395999,11.820826
2018-05-03 21:00:00,11.326,11.436178
2018-05-03 22:00:00,10.973999,11.329128
2018-05-03 23:00:00,10.903999,11.003366
2018-05-04 00:00:00,10.410999,10.874893
2018-05-04 01:00:00,10.341,10.435988
2018-05-04 02:00:00,10.129999,10.31204
2018-05-04 03:00:00,10.059999,10.135446
2018-05-04 04:00:00,10.199999,10.068886
2018-05-04 05:00:00,10.271,10.205993
2018-05-04 06:00:00,10.199999,10.3166895
2018-05-04 07:00:00,11.043999,10.294865
2018-05-04 08:00:00,11.536999,11.054665
2018-05-04 09:00:00,10.973999,11.635417
2018-05-04 10:00:00,11.326,11.232298
2018-05-04 11:00:00,12.028999,11.472612
2018-05-04 12:00:00,12.310999,12.136633
2018-05-04 13:00:00,13.154999,12.477075
2018-05-04 14:00:00,14.209999,13.238587
2018-05-04 15:00:00,14.490999,14.2542515
2018-05-04 16:00:00,15.546999,14.613432
2018-05-04 17:00:00,13.787999,15.523181
2018-05-04 18:00:00,13.506999,14.073949
2018-05-04 19:00:00,12.661999,13.546686
2018-05-04 20:00:00,12.661999,12.757774
2018-05-04 21:00:00,12.661999,12.631008
2018-05-04 22:00:00,12.450999,12.614058
2018-05-04 23:00:00,12.521999,12.419739
2018-05-05 00:00:00,11.959,12.451836
2018-05-05 01:00:00,12.239999,11.981497
2018-05-05 02:00:00,12.099999,12.182697
2018-05-05 03:00:00,11.888999,12.131403
2018-05-05 04:00:00,11.466999,11.9630375
2018-05-05 05:00:00,8.723,11.592493
2018-05-05 06:00:00,10.832999,9.182827
2018-05-05 07:00:00,7.315999,10.677252
2018-05-05 08:00:00,9.707999,7.9252653
2018-05-05 09:00:00,6.6829996,9.506389
2018-05-05 10:00:00,8.863999,7.210347
2018-05-05 11:00:00,10.129999,8.659497
2018-05-05 12:00:00,11.043999,10.02772
2018-05-05 13:00:00,11.184999,11.081015
2018-05-05 14:00:00,11.043999,11.395628
2018-05-05 15:00:00,11.326,11.325388
2018-05-05 16:00:00,11.607,11.568722
2018-05-05 17:00:00,11.607,11.848529
2018-05-05 18:00:00,11.536999,11.863026
2018-05-05 19:00:00,11.536999,11.760202
2018-05-05 20:00:00,11.817999,11.701491
2018-05-05 21:00:00,11.536999,11.8960085
2018-05-05 22:00:00,11.6779995,11.655484
2018-05-05 23:00:00,11.747999,11.702649
2018-05-06 00:00:00,11.747999,11.757462
2018-05-06 01:00:00,12.028999,11.754973
2018-05-06 02:00:00,12.239999,11.991011
2018-05-06 03:00:00,12.239999,12.215477
2018-05-06 04:00:00,11.817999,12.252531
2018-05-06 05:00:00,12.450999,11.89295
2018-05-06 06:00:00,12.239999,12.39875
2018-05-06 07:00:00,12.380999,12.313803
2018-05-06 08:00:00,12.028999,12.42016
2018-05-06 09:00:00,10.692999,12.135168
2018-05-06 10:00:00,11.888999,10.929802
2018-05-06 11:00:00,10.903999,11.8003025
2018-05-06 12:00:00,7.1049995,11.100853
2018-05-06 13:00:00,8.934,7.800603
2018-05-06 14:00:00,9.285999,8.750976
2018-05-06 15:00:00,9.074999,9.252218
2018-05-06 16:00:00,9.566999,9.134739
2018-05-06 17:00:00,7.668,9.53677
2018-05-06 18:00:00,9.566999,8.007169
2018-05-06 19:00:00,8.934,9.396265
2018-05-06 20:00:00,5.698,9.1238365
2018-05-06 21:00:00,8.0199995,6.3883715
2018-05-06 22:00:00,7.457,7.835602
2018-05-06 23:00:00,7.596999,7.6251736
2018-05-07 00:00:00,7.9489994,7.684021
2018-05-07 01:00:00,7.457,7.988063
2018-05-07 02:00:00,7.457,7.6373396
2018-05-07 03:00:00,7.668,7.5751524
2018-05-07 04:00:00,8.09,7.7453394
2018-05-07 05:00:00,8.441999,8.129503
2018-05-07 06:00:00,8.653,8.493851
2018-05-07 07:00:00,8.511999,8.734043
2018-05-07 08:00:00,8.300999,8.656254
2018-05-07 09:00:00,7.9489994,8.459446
2018-05-07 10:00:00,8.159999,8.126754
2018-05-07 11:00:00,8.230999,8.230593
2018-05-07 12:00:00,8.723,8.301304
2018-05-07 13:00:00,8.230999,8.709177
2018-05-07 14:00:00,8.159999,8.3739395
2018-05-07 15:00:00,7.738,8.239905
2018-05-07 16:00:00,7.3859997,7.8710327
2018-05-07 17:00:00,7.315999,7.5123224
2018-05-07 18:00:00,7.738,7.386611
2018-05-07 19:00:00,8.723,7.706979
2018-05-07 20:00:00,8.863999,8.583956
2018-05-07 21:00:00,9.074999,8.876946
2018-05-07 22:00:00,8.441999,9.105679
2018-05-07 23:00:00,8.300999,8.627485
2018-05-08 00:00:00,8.511999,8.425142
2018-05-08 01:00:00,8.0199995,8.571604
2018-05-08 02:00:00,7.738,8.190821
2018-05-08 03:00:00,7.2460003,7.8761673
2018-05-08 04:00:00,7.1049995,7.4100933
2018-05-08 05:00:00,7.596999,7.2005186
2018-05-08 06:00:00,8.300999,7.559184
2018-05-08 07:00:00,6.9639997,8.208204
2018-05-08 08:00:00,7.457,7.237588
2018-05-08 09:00:00,7.808999,7.448226
2018-05-08 10:00:00,8.300999,7.796734
2018-05-08 11:00:00,8.581999,8.276453
2018-05-08 12:00:00,8.934,8.6057
2018-05-08 13:00:00,10.129999,8.96371
2018-05-08 14:00:00,10.410999,10.040089
2018-05-08 15:00:00,11.888999,10.486715
2018-05-08 16:00:00,12.591999,11.800148
2018-05-08 17:00:00,12.310999,12.632649
2018-05-08 18:00:00,11.747999,12.490595
2018-05-08 19:00:00,10.622,11.933068
2018-05-08 20:00:00,10.199999,10.871095
2018-05-08 21:00:00,9.497,10.326082
2018-05-08 22:00:00,9.707999,9.644434
2018-05-08 23:00:00,9.074999,9.680424
2018-05-09 00:00:00,8.581999,9.15366
2018-05-09 01:00:00,8.230999,8.635215
2018-05-09 02:00:00,8.159999,8.257421
2018-05-09 03:00:00,7.808999,8.144864
2018-05-09 04:00:00,7.175,7.8491096
2018-05-09 05:00:00,7.034999,7.28528
2018-05-09 06:00:00,7.034999,7.08498
2018-05-09 07:00:00,7.8789997,7.0674496
2018-05-09 08:00:00,8.230999,7.783634
2018-05-09 09:00:00,8.230999,8.230821
2018-05-09 10:00:00,8.581999,8.327425
2018-05-09 11:00:00,9.074999,8.657571
2018-05-09 12:00:00,9.566999,9.15251
2018-05-09 13:00:00,10.341,9.666863
2018-05-09 14:00:00,11.607,10.413586
2018-05-09 15:00:00,12.380999,11.614936
2018-05-09 16:00:00,12.661999,12.469488
2018-05-09 17:00:00,12.873999,12.805824
2018-05-09 18:00:00,12.239999,12.983458
2018-05-09 19:00:00,11.607,12.428262
2018-05-09 20:00:00,10.762999,11.759335
2018-05-09 21:00:00,9.707999,10.922327
2018-05-09 22:00:00,9.425999,9.889753
2018-05-09 23:00:00,8.723,9.463032
2018-05-10 00:00:00,7.9489994,8.806184
2018-05-10 01:00:00,7.668,8.044243
2018-05-10 02:00:00,7.315999,7.676407
2018-05-10 03:00:00,6.7529993,7.3325768
2018-05-10 04:00:00,6.3309994,6.82045
2018-05-10 05:00:00,6.119999,6.3969784
2018-05-10 06:00:00,6.05,6.1656713
2018-05-10 07:00:00,6.4019995,6.083066
2018-05-10 08:00:00,6.612999,6.3725405
2018-05-10 09:00:00,6.6829996,6.6196203
2018-05-10 10:00:00,7.457,6.743534
2018-05-10 11:00:00,7.1049995,7.4309397
2018-05-10 12:00:00,8.159999,7.288863
2018-05-10 13:00:00,8.511999,8.151227
2018-05-10 14:00:00,9.637999,8.622013
2018-05-10 15:00:00,10.129999,9.65069
2018-05-10 16:00:00,10.059999,10.25404
2018-05-10 17:00:00,9.918999,10.277191
2018-05-10 18:00:00,9.566999,10.128189
2018-05-10 19:00:00,9.285999,9.782822
2018-05-10 20:00:00,8.581999,9.46171
2018-05-10 21:00:00,8.230999,8.801655
2018-05-10 22:00:00,8.371,8.366847
2018-05-10 23:00:00,7.9489994,8.383135
2018-05-11 00:00:00,7.808999,8.030924
2018-05-11 01:00:00,7.596999,7.836502
2018-05-11 02:00:00,7.808999,7.6280613
2018-05-11 03:00:00,7.738,7.768029
2018-05-11 04:00:00,7.808999,7.7481365
2018-05-11 05:00:00,8.300999,7.8129644
2018-05-11 06:00:00,8.653,8.248878
2018-05-11 07:00:00,8.792999,8.642634
2018-05-11 08:00:00,8.723,8.845233
2018-05-11 09:00:00,9.497,8.832224
2018-05-11 10:00:00,10.482,9.489534
2018-05-11 11:00:00,11.043999,10.453936
2018-05-11 12:00:00,11.607,11.103754
2018-05-11 13:00:00,12.099999,11.676915
2018-05-11 14:00:00,11.255999,12.173797
2018-05-11 15:00:00,10.973999,11.509788
2018-05-11 16:00:00,11.395999,11.120686
2018-05-11 17:00:00,11.115,11.405868
2018-05-11 18:00:00,10.692999,11.205878
2018-05-11 19:00:00,10.762999,10.78387
2018-05-11 20:00:00,11.466999,10.755487
2018-05-11 21:00:00,11.395999,11.352381
2018-05-11 22:00:00,11.888999,11.397703
2018-05-11 23:00:00,11.888999,11.821426
2018-05-12 00:00:00,11.817999,11.903991
2018-05-12 01:00:00,11.466999,11.860191
2018-05-12 02:00:00,11.607,11.559164
2018-05-12 03:00:00,9.848999,11.645653
2018-05-12 04:00:00,8.371,10.157978
2018-05-12 05:00:00,10.129999,8.670612
2018-05-12 06:00:00,10.762999,9.934717
2018-05-12 07:00:00,8.441999,10.712577
2018-05-12 08:00:00,8.300999,8.836487
2018-05-12 09:00:00,9.778,8.3857355
2018-05-12 10:00:00,10.551999,9.614164
2018-05-12 11:00:00,10.903999,10.517965
2018-05-12 12:00:00,11.043999,10.981757
2018-05-12 13:00:00,10.622,11.183923
2018-05-12 14:00:00,10.832999,10.855839
2018-05-12 15:00:00,10.692999,10.991893
2018-05-12 16:00:00,10.903999,10.895666
2018-05-12 17:00:00,10.551999,11.045685
2018-05-12 18:00:00,11.115,10.748248
2018-05-12 19:00:00,11.043999,11.158024
2018-05-12 20:00:00,10.692999,11.153172
2018-05-12 21:00:00,10.271,10.826317
2018-05-12 22:00:00,10.129999,10.398024
2018-05-12 23:00:00,10.341,10.203922
2018-05-13 00:00:00,10.482,10.3535385
2018-05-13 01:00:00,10.341,10.50015
2018-05-13 02:00:00,9.918999,10.401123
2018-05-13 03:00:00,9.988999,10.023661
2018-05-13 04:00:00,10.199999,10.028032
2018-05-13 05:00:00,9.988999,10.225288
2018-05-13 06:00:00,10.271,10.085012
2018-05-13 07:00:00,10.832999,10.306826
2018-05-13 08:00:00,10.551999,10.840775
2018-05-13 09:00:00,11.326,10.692356
2018-05-13 10:00:00,11.536999,11.334506
2018-05-13 11:00:00,12.380999,11.6341915
2018-05-13 12:00:00,12.450999,12.408047
2018-05-13 13:00:00,13.084999,12.586863
2018-05-13 14:00:00,13.365999,13.140005
2018-05-13 15:00:00,14.490999,13.455922
2018-05-13 16:00:00,15.264999,14.455302
2018-05-13 17:00:00,15.546999,15.259561
2018-05-13 18:00:00,14.420999,15.567623
2018-05-13 19:00:00,13.435999,14.560832
2018-05-13 20:00:00,13.295999,13.518692
2018-05-13 21:00:00,12.943999,13.258634
2018-05-13 22:00:00,12.661999,12.934158
2018-05-13 23:00:00,12.521999,12.635043
2018-05-14 00:00:00,12.450999,12.469573
2018-05-14 01:00:00,12.521999,12.397055
2018-05-14 02:00:00,12.732999,12.473085
2018-05-14 03:00:00,12.732999,12.7049465
2018-05-14 04:00:00,12.591999,12.773783
2018-05-14 05:00:00,12.450999,12.689161
2018-05-14 06:00:00,12.732999,12.5848675
2018-05-14 07:00:00,12.450999,12.859843
2018-05-14 08:00:00,13.224999,12.666103
2018-05-14 09:00:00,13.365999,13.350256
2018-05-14 10:00:00,13.717999,13.582572
2018-05-14 11:00:00,14.702999,13.916318
2018-05-14 12:00:00,13.998999,14.840991
2018-05-14 13:00:00,14.702999,14.306198
2018-05-14 14:00:00,15.053999,14.817911
2018-05-14 15:00:00,16.813,15.189611
2018-05-14 16:00:00,16.321,16.769068
2018-05-14 17:00:00,16.602,16.500595
2018-05-14 18:00:00,16.18,16.60527
2018-05-14 19:00:00,15.757999,16.211903
2018-05-14 20:00:00,15.3359995,15.754068
2018-05-14 21:00:00,15.3359995,15.310447
2018-05-14 22:00:00,14.983999,15.252252
2018-05-14 23:00:00,14.702999,14.938449
2018-05-15 00:00:00,14.561999,14.647403
2018-05-15 01:00:00,14.139999,14.504187
2018-05-15 02:00:00,14.490999,14.136804
2018-05-15 03:00:00,14.561999,14.445797
2018-05-15 04:00:00,14.279999,14.60077
2018-05-15 05:00:00,14.139999,14.392395
2018-05-15 06:00:00,14.350999,14.274123
2018-05-15 07:00:00,14.561999,14.502987
2018-05-15 08:00:00,16.039,14.7654085
2018-05-15 09:00:00,16.461,16.20013
2018-05-15 10:00:00,15.194999,16.777203
2018-05-15 11:00:00,14.139999,15.612298
2018-05-15 12:00:00,15.405999,14.477114
2018-05-15 13:00:00,14.420999,15.53153
2018-05-15 14:00:00,15.757999,14.752933
2018-05-15 15:00:00,16.18,15.812822
2018-05-15 16:00:00,16.883,16.314054
2018-05-15 17:00:00,16.25,16.96013
2018-05-15 18:00:00,17.165,16.41515
2018-05-15 19:00:00,16.883,17.150236
2018-05-15 20:00:00,16.321,16.986315
2018-05-15 21:00:00,15.968999,16.412851
2018-05-15 22:00:00,15.897999,16.013199
2018-05-15 23:00:00,15.686999,15.909923
2018-05-16 00:00:00,15.968999,15.711999
2018-05-16 01:00:00,16.25,15.946586
2018-05-16 02:00:00,16.109,16.246708
2018-05-16 03:00:00,16.109,16.160011
2018-05-16 04:00:00,16.25,16.162664
2018-05-16 05:00:00,16.461,16.326971
2018-05-16 06:00:00,16.883,16.573753
2018-05-16 07:00:00,16.672,17.01768
2018-05-16 08:00:00,15.686999,16.878178
2018-05-16 09:00:00,14.842999,15.937264
2018-05-16 10:00:00,15.3359995,15.062307
2018-05-16 11:00:00,14.983999,15.452575
2018-05-16 12:00:00,14.702999,15.189169
2018-05-16 13:00:00,14.983999,14.877551
2018-05-16 14:00:00,15.686999,15.106341
2018-05-16 15:00:00,16.743,15.807661
2018-05-16 16:00:00,16.109,16.89024
2018-05-16 17:00:00,16.321,16.412434
2018-05-16 18:00:00,15.827999,16.533993
2018-05-16 19:00:00,15.546999,16.105553
2018-05-16 20:00:00,16.321,15.790747
2018-05-16 21:00:00,16.039,16.469503
2018-05-16 22:00:00,16.672,16.267754
2018-05-16 23:00:00,15.053999,16.779934
2018-05-17 00:00:00,16.109,15.327089
2018-05-17 01:00:00,16.602,16.096943
2018-05-17 02:00:00,14.631999,16.67807
2018-05-17 03:00:00,12.239999,14.907233
2018-05-17 04:00:00,9.707999,12.530758
2018-05-17 05:00:00,8.653,10.084833
2018-05-17 06:00:00,9.988999,8.859518
2018-05-17 07:00:00,10.973999,9.852884
2018-05-17 08:00:00,8.09,10.868755
2018-05-17 09:00:00,11.326,8.485085
2018-05-17 10:00:00,12.380999,10.9893875
2018-05-17 11:00:00,13.154999,12.433058
2018-05-17 12:00:00,12.521999,13.408828
2018-05-17 13:00:00,13.013999,12.997157
2018-05-17 14:00:00,13.506999,13.411297
2018-05-17 15:00:00,13.506999,13.931787
2018-05-17 16:00:00,13.998999,13.960332
2018-05-17 17:00:00,13.787999,14.328208
2018-05-17 18:00:00,14.139999,14.113882
2018-05-17 19:00:00,13.787999,14.303622
2018-05-17 20:00:00,13.506999,13.956378
2018-05-17 21:00:00,13.154999,13.593025
2018-05-17 22:00:00,13.435999,13.1957245
2018-05-17 23:00:00,13.365999,13.359481
2018-05-18 00:00:00,12.943999,13.319023
2018-05-18 01:00:00,12.943999,12.9325
2018-05-18 02:00:00,13.365999,12.879534
2018-05-18 03:00:00,13.084999,13.273878
2018-05-18 04:00:00,13.084999,13.10796
2018-05-18 05:00:00,12.8029995,13.097825
2018-05-18 06:00:00,13.013999,12.875032
2018-05-18 07:00:00,12.943999,13.061585
2018-05-18 08:00:00,12.873999,13.053933
2018-05-18 09:00:00,12.521999,13.004301
2018-05-18 10:00:00,12.521999,12.693785
2018-05-18 11:00:00,12.732999,12.663587
2018-05-18 12:00:00,12.8029995,12.864198
2018-05-18 13:00:00,12.591999,12.959667
2018-05-18 14:00:00,12.873999,12.778572
2018-05-18 15:00:00,12.732999,13.005132
2018-05-18 16:00:00,9.425999,12.9127445
2018-05-18 17:00:00,8.09,10.002634
2018-05-18 18:00:00,6.3309994,8.423284
2018-05-18 19:00:00,5.3459997,6.751628
2018-05-18 20:00:00,6.4019995,5.65378
2018-05-18 21:00:00,8.300999,6.2807417
2018-05-18 22:00:00,8.653,7.948944
2018-05-18 23:00:00,8.511999,8.558075
2018-05-19 00:00:00,8.511999,8.566317
2018-05-19 01:00:00,8.511999,8.61223
2018-05-19 02:00:00,8.230999,8.671429
2018-05-19 03:00:00,8.511999,8.473221
2018-05-19 04:00:00,7.808999,8.689674
2018-05-19 05:00:00,7.738,8.130506
2018-05-19 06:00:00,7.738,7.9549847
2018-05-19 07:00:00,7.9489994,7.907626
2018-05-19 08:00:00,7.8789997,8.054047
2018-05-19 09:00:00,7.1049995,8.005056
2018-05-19 10:00:00,7.596999,7.3448524
2018-05-19 11:00:00,7.457,7.610526
2018-05-19 12:00:00,7.808999,7.545703
2018-05-19 13:00:00,7.8789997,7.8126335
2018-05-19 14:00:00,8.0199995,7.9208794
2018-05-19 15:00:00,7.668,8.055823
2018-05-19 16:00:00,7.457,7.794915
2018-05-19 17:00:00,7.034999,7.5722427
2018-05-19 18:00:00,7.175,7.1889763
2018-05-19 19:00:00,7.034999,7.2279415
2018-05-19 20:00:00,6.893999,7.121063
2018-05-19 21:00:00,7.3859997,6.980654
2018-05-19 22:00:00,7.315999,7.3520193
2018-05-19 23:00:00,7.1049995,7.3718843
2018-05-20 00:00:00,7.1049995,7.2031755
2018-05-20 01:00:00,7.1049995,7.174124
2018-05-20 02:00:00,6.9639997,7.1743784
2018-05-20 03:00:00,6.7529993,7.0626926
2018-05-20 04:00:00,6.8239994,6.869624
2018-05-20 05:00:00,6.8239994,6.8889427
2018-05-20 06:00:00,6.7529993,6.89334
2018-05-20 07:00:00,6.8239994,6.8354025
2018-05-20 08:00:00,7.1049995,6.8804703
2018-05-20 09:00:00,7.2460003,7.1185675
2018-05-20 10:00:00,7.3859997,7.282858
2018-05-20 11:00:00,7.175,7.430478
2018-05-20 12:00:00,6.9639997,7.2897644
2018-05-20 13:00:00,6.8239994,7.0907784
2018-05-20 14:00:00,6.6829996,6.9392815
2018-05-20 15:00:00,6.3309994,6.7945538
2018-05-20 16:00:00,6.542,6.4788313
2018-05-20 17:00:00,4.3620005,6.5796947
2018-05-20 18:00:00,5.557,4.890274
2018-05-20 19:00:00,5.6279993,5.465107
2018-05-20 20:00:00,5.979,5.638055
2018-05-20 21:00:00,5.698,5.942526
2018-05-20 22:00:00,5.9089994,5.7837725
2018-05-20 23:00:00,5.7679996,5.924468
2018-05-21 00:00:00,5.698,5.852954
2018-05-21 01:00:00,5.416999,5.7897577
2018-05-21 02:00:00,5.7679996,5.5601435
2018-05-21 03:00:00,5.6279993,5.793209
2018-05-21 04:00:00,5.698,5.7319117
2018-05-21 05:00:00,6.05,5.772067
2018-05-21 06:00:00,5.9089994,6.060397
2018-05-21 07:00:00,5.979,6.009446
2018-05-21 08:00:00,6.05,6.053112
2018-05-21 09:00:00,6.472,6.120365
2018-05-21 10:00:00,6.4019995,6.4710608
2018-05-21 11:00:00,6.4019995,6.4883213
2018-05-21 12:00:00,6.7529993,6.48892
2018-05-21 13:00:00,7.1049995,6.7695675
2018-05-21 14:00:00,7.175,7.110773
2018-05-21 15:00:00,7.315999,7.235263
2018-05-21 16:00:00,5.6279993,7.37072
2018-05-21 17:00:00,4.431999,6.052823
2018-05-21 18:00:00,6.472,4.850032
2018-05-21 19:00:00,6.472,6.197135
2018-05-21 20:00:00,6.893999,6.4697905
2018-05-21 21:00:00,6.612999,6.8445034
2018-05-21 22:00:00,6.893999,6.697156
2018-05-21 23:00:00,6.6829996,6.898329
2018-05-22 00:00:00,6.9639997,6.782379
2018-05-22 01:00:00,7.315999,6.989703
2018-05-22 02:00:00,7.457,7.321577
2018-05-22 03:00:00,7.8789997,7.5033283
2018-05-22 04:00:00,8.300999,7.8813534
2018-05-22 05:00:00,9.004,8.303004
2018-05-22 06:00:00,9.145,8.963844
2018-05-22 07:00:00,7.457,9.208556
2018-05-22 08:00:00,6.8239994,7.8604517
2018-05-22 09:00:00,6.6829996,7.0784664
2018-05-22 10:00:00,6.4019995,6.818265
2018-05-22 11:00:00,3.7279997,6.530957
2018-05-22 12:00:00,4.1500006,4.3996696
2018-05-22 13:00:00,6.542,4.2481117
2018-05-22 14:00:00,6.9639997,6.083661
2018-05-22 15:00:00,6.2609997,6.806012
2018-05-22 16:00:00,6.119999,6.385597
2018-05-22 17:00:00,6.893999,6.196534
2018-05-22 18:00:00,6.2609997,6.814475
2018-05-22 19:00:00,7.034999,6.4480133
2018-05-22 20:00:00,7.5269995,7.004814
2018-05-22 21:00:00,7.738,7.52686
2018-05-22 22:00:00,7.808999,7.803401
2018-05-22 23:00:00,6.7529993,7.911625
2018-05-23 00:00:00,7.1049995,7.0709305
2018-05-23 01:00:00,6.612999,7.181695
2018-05-23 02:00:00,6.8239994,6.80567
2018-05-23 03:00:00,6.472,6.884099
2018-05-23 04:00:00,7.596999,6.608245
2018-05-23 05:00:00,6.893999,7.447915
2018-05-23 06:00:00,7.668,7.052307
2018-05-23 07:00:00,9.215,7.588072
2018-05-23 08:00:00,9.848999,8.978989
2018-05-23 09:00:00,9.004,9.800003
2018-05-23 10:00:00,9.285999,9.242641
2018-05-23 11:00:00,9.566999,9.352999
2018-05-23 12:00:00,9.215,9.620111
2018-05-23 13:00:00,9.215,9.3714
2018-05-23 14:00:00,10.482,9.306238
2018-05-23 15:00:00,11.959,10.341231
2018-05-23 16:00:00,11.6779995,11.776796
2018-05-23 17:00:00,11.6779995,11.788813
2018-05-23 18:00:00,11.466999,11.733781
2018-05-23 19:00:00,9.918999,11.538826
2018-05-23 20:00:00,9.497,10.201511
2018-05-23 21:00:00,9.425999,9.611258
2018-05-23 22:00:00,9.285999,9.461947
2018-05-23 23:00:00,8.792999,9.314655
2018-05-24 00:00:00,8.441999,8.866129
2018-05-24 01:00:00,8.723,8.489856
2018-05-24 02:00:00,8.371,8.668827
2018-05-24 03:00:00,8.300999,8.422279
2018-05-24 04:00:00,8.230999,8.331005
2018-05-24 05:00:00,8.159999,8.27593
2018-05-24 06:00:00,8.511999,8.224889
2018-05-24 07:00:00,9.145,8.52973
2018-05-24 08:00:00,9.285999,9.138758
2018-05-24 09:00:00,9.637999,9.3802185
2018-05-24 10:00:00,8.863999,9.727571
2018-05-24 11:00:00,9.566999,9.134502
2018-05-24 12:00:00,9.497,9.622663
2018-05-24 13:00:00,9.074999,9.652771
2018-05-24 14:00:00,9.778,9.282948
2018-05-24 15:00:00,11.184999,9.7940235
2018-05-24 16:00:00,10.762999,11.073962
2018-05-24 17:00:00,9.918999,10.935537
2018-05-24 18:00:00,10.341,10.149584
2018-05-24 19:00:00,9.918999,10.361788
2018-05-24 20:00:00,9.918999,10.0524235
2018-05-24 21:00:00,9.425999,9.982582
2018-05-24 22:00:00,9.355999,9.549444
2018-05-24 23:00:00,9.215,9.404989
2018-05-25 00:00:00,8.723,9.262631
2018-05-25 01:00:00,8.511999,8.825205
2018-05-25 02:00:00,8.653,8.57238
2018-05-25 03:00:00,7.738,8.654618
2018-05-25 04:00:00,8.511999,7.916106
2018-05-25 05:00:00,9.004,8.432846
2018-05-25 06:00:00,9.145,8.960382
2018-05-25 07:00:00,9.425999,9.18294
2018-05-25 08:00:00,9.145,9.469597
2018-05-25 09:00:00,9.778,9.2941
2018-05-25 10:00:00,9.918999,9.809402
2018-05-25 11:00:00,9.425999,10.030665
2018-05-25 12:00:00,9.215,9.640861
2018-05-25 13:00:00,9.215,9.382666
2018-05-25 14:00:00,8.863999,9.333367
2018-05-25 15:00:00,8.653,9.021097
2018-05-25 16:00:00,8.511999,8.774841
2018-05-25 17:00:00,8.863999,8.604065
2018-05-25 18:00:00,5.979,8.860598
2018-05-25 19:00:00,6.8239994,6.5625505
2018-05-25 20:00:00,5.7679996,6.7885323
2018-05-25 21:00:00,6.2609997,5.996603
2018-05-25 22:00:00,5.698,6.2237062
2018-05-25 23:00:00,6.2609997,5.8142214
2018-05-26 00:00:00,7.5269995,6.184738
2018-05-26 01:00:00,8.09,7.304929
2018-05-26 02:00:00,7.457,8.015926
2018-05-26 03:00:00,7.5269995,7.644993
2018-05-26 04:00:00,8.230999,7.6423607
2018-05-26 05:00:00,8.511999,8.246624
2018-05-26 06:00:00,8.511999,8.602854
2018-05-26 07:00:00,8.371,8.660751
2018-05-26 08:00:00,7.596999,8.541405
2018-05-26 09:00:00,8.441999,7.8708544
2018-05-26 10:00:00,8.159999,8.423239
2018-05-26 11:00:00,8.300999,8.291687
2018-05-26 12:00:00,8.723,8.358398
2018-05-26 13:00:00,9.425999,8.709668
2018-05-26 14:00:00,9.215,9.355407
2018-05-26 15:00:00,9.355999,9.300094
2018-05-26 16:00:00,9.425999,9.394567
2018-05-26 17:00:00,9.074999,9.473835
2018-05-26 18:00:00,8.863999,9.195744
2018-05-26 19:00:00,8.934,8.964653
2018-05-26 20:00:00,8.371,8.98036
2018-05-26 21:00:00,9.425999,8.515489
2018-05-26 22:00:00,8.863999,9.301328
2018-05-26 23:00:00,9.004,8.986145
2018-05-27 00:00:00,8.371,9.030655
2018-05-27 01:00:00,8.863999,8.519841
2018-05-27 02:00:00,9.425999,8.841349
2018-05-27 03:00:00,9.215,9.385428
2018-05-27 04:00:00,9.425999,9.308729
2018-05-27 05:00:00,9.355999,9.467798
2018-05-27 06:00:00,9.918999,9.445039
2018-05-27 07:00:00,9.778,9.920639
2018-05-27 08:00:00,9.285999,9.89057
2018-05-27 09:00:00,9.566999,9.459683
2018-05-27 10:00:00,9.566999,9.617275
2018-05-27 11:00:00,9.215,9.648686
2018-05-27 12:00:00,10.129999,9.349144
2018-05-27 13:00:00,10.762999,10.062004
2018-05-27 14:00:00,10.622,10.7341
2018-05-27 15:00:00,11.536999,10.722168
2018-05-27 16:00:00,11.607,11.489462
2018-05-27 17:00:00,11.326,11.688971
2018-05-27 18:00:00,11.466999,11.4615555
2018-05-27 19:00:00,10.482,11.533527
2018-05-27 20:00:00,10.129999,10.70265
2018-05-27 21:00:00,9.918999,10.25116
2018-05-27 22:00:00,9.848999,9.999252
2018-05-27 23:00:00,10.199999,9.892685
2018-05-28 00:00:00,10.059999,10.167625
2018-05-28 01:00:00,10.129999,10.09561
2018-05-28 02:00:00,10.129999,10.143093
2018-05-28 03:00:00,9.918999,10.164831
2018-05-28 04:00:00,9.707999,10.001581
2018-05-28 05:00:00,9.918999,9.8062
2018-05-28 06:00:00,10.199999,9.968689
2018-05-28 07:00:00,10.973999,10.250202
2018-05-28 08:00:00,10.482,10.972979
2018-05-28 09:00:00,10.410999,10.670794
2018-05-28 10:00:00,10.271,10.546877
2018-05-28 11:00:00,10.692999,10.412775
2018-05-28 12:00:00,10.551999,10.754549
2018-05-28 13:00:00,10.692999,10.686539
2018-05-28 14:00:00,11.326,10.780576
2018-05-28 15:00:00,11.959,11.336176
2018-05-28 16:00:00,11.536999,11.972411
2018-05-28 17:00:00,11.466999,11.696828
2018-05-28 18:00:00,11.255999,11.567366
2018-05-28 19:00:00,11.115,11.365771
2018-05-28 20:00:00,10.762999,11.208722
2018-05-28 21:00:00,10.692999,10.876077
2018-05-28 22:00:00,10.762999,10.754763
2018-05-28 23:00:00,10.551999,10.794584
2018-05-29 00:00:00,10.622,10.618816
2018-05-29 01:00:00,10.482,10.649666
2018-05-29 02:00:00,10.482,10.542783
2018-05-29 03:00:00,10.692999,10.532982
2018-05-29 04:00:00,10.832999,10.726368
2018-05-29 05:00:00,10.692999,10.891015
2018-05-29 06:00:00,10.762999,10.80265
2018-05-29 07:00:00,10.692999,10.854436
2018-05-29 08:00:00,11.6779995,10.810294
2018-05-29 09:00:00,11.747999,11.6664505
2018-05-29 10:00:00,11.817999,11.872097
2018-05-29 11:00:00,11.888999,11.945396
2018-05-29 12:00:00,12.028999,12.009951
2018-05-29 13:00:00,11.817999,12.135809
2018-05-29 14:00:00,12.380999,11.961279
2018-05-29 15:00:00,11.607,12.409866
2018-05-29 16:00:00,11.326,11.79904
2018-05-29 17:00:00,11.607,11.433672
2018-05-29 18:00:00,10.903999,11.622408
2018-05-29 19:00:00,10.762999,11.045896
2018-05-29 20:00:00,10.341,10.820099
2018-05-29 21:00:00,9.637999,10.428825
2018-05-29 22:00:00,10.410999,9.767772
2018-05-29 23:00:00,10.129999,10.335182
2018-05-30 00:00:00,9.918999,10.20459
2018-05-30 01:00:00,10.129999,10.000619
2018-05-30 02:00:00,9.778,10.166424
2018-05-30 03:00:00,10.199999,9.908718
2018-05-30 04:00:00,9.778,10.245337
2018-05-30 05:00:00,9.145,9.950472
2018-05-30 06:00:00,9.988999,9.358664
2018-05-30 07:00:00,10.551999,9.996225
2018-05-30 08:00:00,10.903999,10.600304
2018-05-30 09:00:00,11.466999,10.999547
2018-05-30 10:00:00,11.536999,11.545106
2018-05-30 11:00:00,11.607,11.6885605
2018-05-30 12:00:00,11.6779995,11.75584
2018-05-30 13:00:00,11.536999,11.81486
2018-05-30 14:00:00,11.6779995,11.686268
2018-05-30 15:00:00,12.028999,11.766594
2018-05-30 16:00:00,11.326,12.066097
2018-05-30 17:00:00,11.255999,11.489954
2018-05-30 18:00:00,10.551999,11.310727
2018-05-30 19:00:00,10.622,10.681426
2018-05-30 20:00:00,10.973999,10.633692
2018-05-30 21:00:00,10.341,10.938009
2018-05-30 22:00:00,10.129999,10.446448
2018-05-30 23:00:00,9.918999,10.18045
2018-05-31 00:00:00,10.410999,9.973854
2018-05-31 01:00:00,10.410999,10.382185
2018-05-31 02:00:00,10.410999,10.467493
2018-05-31 03:00:00,10.410999,10.488103
2018-05-31 04:00:00,10.410999,10.504802
2018-05-31 05:00:00,10.410999,10.521307
2018-05-31 06:00:00,10.410999,10.5336
2018-05-31 07:00:00,10.410999,10.540503
2018-05-31 08:00:00,10.410999,10.542209
2018-05-31 09:00:00,10.410999,10.539854
2018-05-31 10:00:00,10.410999,10.534719
2018-05-31 11:00:00,10.410999,10.528044
2018-05-31 12:00:00,10.410999,10.5207
2018-05-31 13:00:00,10.410999,10.513557
2018-05-31 14:00:00,10.410999,10.506835
2018-05-31 15:00:00,10.410999,10.501068
2018-05-31 16:00:00,10.410999,10.496338
2018-05-31 17:00:00,10.410999,10.492649
2018-05-31 18:00:00,10.410999,10.489967
2018-05-31 19:00:00,10.410999,10.488242
2018-05-31 20:00:00,10.410999,10.487305
2018-05-31 21:00:00,10.410999,10.487014
2018-05-31 22:00:00,10.410999,10.487229
2018-05-31 23:00:00,10.410999,10.487808
2018-06-01 00:00:00,8.511999,10.488615
2018-06-01 01:00:00,8.511999,8.880243
2018-06-01 02:00:00,8.230999,8.600224
2018-06-01 03:00:00,8.300999,8.332331
2018-06-01 04:00:00,8.371,8.337416
2018-06-01 05:00:00,8.230999,8.392876
2018-06-01 06:00:00,8.581999,8.286344
2018-06-01 07:00:00,9.425999,8.571623
2018-06-01 08:00:00,10.832999,9.357508
2018-06-01 09:00:00,10.482,10.726172
2018-06-01 10:00:00,9.778,10.683971
2018-06-01 11:00:00,9.848999,10.050225
2018-06-01 12:00:00,9.918999,10.008287
2018-06-01 13:00:00,10.410999,10.066736
2018-06-01 14:00:00,10.903999,10.481144
2018-06-01 15:00:00,11.6779995,10.953295
2018-06-01 16:00:00,12.028999,11.671983
2018-06-01 17:00:00,11.888999,12.075533
2018-06-01 18:00:00,11.326,11.993333
2018-06-01 19:00:00,10.903999,11.4737835
2018-06-01 20:00:00,10.832999,11.019051
2018-06-01 21:00:00,10.482,10.884436
2018-06-01 22:00:00,10.410999,10.561916
2018-06-01 23:00:00,10.271,10.437449
2018-06-02 00:00:00,9.988999,10.296425
2018-06-02 01:00:00,9.566999,10.033672
2018-06-02 02:00:00,9.215,9.636883
2018-06-02 03:00:00,9.215,9.282973
2018-06-02 04:00:00,8.511999,9.239281
2018-06-02 05:00:00,8.934,8.651312
2018-06-02 06:00:00,8.934,8.918469
2018-06-02 07:00:00,8.653,8.983358
2018-06-02 08:00:00,8.723,8.763853
2018-06-02 09:00:00,8.723,8.797094
2018-06-02 10:00:00,9.215,8.81819
2018-06-02 11:00:00,9.637999,9.252213
2018-06-02 12:00:00,10.482,9.699586
2018-06-02 13:00:00,10.199999,10.50605
2018-06-02 14:00:00,10.341,10.404144
2018-06-02 15:00:00,10.199999,10.490188
2018-06-02 16:00:00,11.115,10.38015
2018-06-02 17:00:00,10.482,11.131064
2018-06-02 18:00:00,10.059999,10.708732
2018-06-02 19:00:00,9.566999,10.239698
2018-06-02 20:00:00,9.425999,9.732206
2018-06-02 21:00:00,9.566999,9.5168915
2018-06-02 22:00:00,9.848999,9.589967
2018-06-02 23:00:00,9.637999,9.832798
2018-06-03 00:00:00,9.285999,9.691544
2018-06-03 01:00:00,9.497,9.365216
2018-06-03 02:00:00,9.497,9.495178
2018-06-03 03:00:00,9.637999,9.533678
2018-06-03 04:00:00,9.566999,9.6677265
2018-06-03 05:00:00,9.848999,9.639175
2018-06-03 06:00:00,9.566999,9.881775
2018-06-03 07:00:00,9.355999,9.691975
2018-06-03 08:00:00,9.425999,9.480812
2018-06-03 09:00:00,9.637999,9.509363
2018-06-03 10:00:00,9.918999,9.698582
2018-06-03 11:00:00,10.622,9.969915
2018-06-03 12:00:00,10.692999,10.616119
2018-06-03 13:00:00,10.973999,10.787905
2018-06-03 14:00:00,12.239999,11.046316
2018-06-03 15:00:00,12.661999,12.180038
2018-06-03 16:00:00,13.435999,12.736877
2018-06-03 17:00:00,13.084999,13.461538
2018-06-03 18:00:00,11.6779995,13.243974
2018-06-03 19:00:00,11.043999,11.951735
2018-06-03 20:00:00,10.551999,11.192444
2018-06-03 21:00:00,9.566999,10.663932
2018-06-03 22:00:00,9.425999,9.742401
2018-06-03 23:00:00,8.723,9.451439
2018-06-04 00:00:00,8.441999,8.812838
2018-06-04 01:00:00,9.215,8.462617
2018-06-04 02:00:00,9.425999,9.066189
2018-06-04 03:00:00,9.637999,9.373512
2018-06-04 04:00:00,9.707999,9.626433
2018-06-04 05:00:00,9.425999,9.759169
2018-06-04 06:00:00,9.566999,9.567652
2018-06-04 07:00:00,9.778,9.683207
2018-06-04 08:00:00,10.762999,9.905491
2018-06-04 09:00:00,11.184999,10.804108
2018-06-04 10:00:00,11.184999,11.322393
2018-06-04 11:00:00,11.184999,11.386572
2018-06-04 12:00:00,11.817999,11.37336
2018-06-04 13:00:00,11.6779995,11.901729
2018-06-04 14:00:00,12.239999,11.85009
2018-06-04 15:00:00,12.380999,12.287998
2018-06-04 16:00:00,11.607,12.45909
2018-06-04 17:00:00,10.762999,11.786714
2018-06-04 18:00:00,10.059999,10.930117
2018-06-04 19:00:00,9.637999,10.193688
2018-06-04 20:00:00,9.707999,9.717625
2018-06-04 21:00:00,9.848999,9.695829
2018-06-04 22:00:00,10.271,9.812175
2018-06-04 23:00:00,10.129999,10.195591
2018-06-05 00:00:00,9.918999,10.151901
2018-06-05 01:00:00,9.637999,9.97649
2018-06-05 02:00:00,9.425999,9.730577
2018-06-05 03:00:00,9.707999,9.532467
2018-06-05 04:00:00,9.918999,9.762077
2018-06-05 05:00:00,9.848999,9.996027
2018-06-05 06:00:00,9.848999,9.978464
2018-06-05 07:00:00,10.059999,9.976582
2018-06-05 08:00:00,9.918999,10.162186
2018-06-05 09:00:00,10.129999,10.0735
2018-06-05 10:00:00,9.848999,10.234079
2018-06-05 11:00:00,9.918999,10.017014
2018-06-05 12:00:00,9.778,10.030008
2018-06-05 13:00:00,10.129999,9.90708
2018-06-05 14:00:00,10.762999,10.177801
2018-06-05 15:00:00,10.903999,10.762365
2018-06-05 16:00:00,10.973999,10.976818
2018-06-05 17:00:00,10.832999,11.05812
2018-06-05 18:00:00,10.271,10.943597
2018-06-05 19:00:00,9.566999,10.438956
2018-06-05 20:00:00,9.285999,9.753694
2018-06-05 21:00:00,9.215,9.399895
2018-06-05 22:00:00,8.934,9.279461
2018-06-05 23:00:00,8.934,9.01655
2018-06-06 00:00:00,8.581999,8.964615
2018-06-06 01:00:00,8.581999,8.662347
2018-06-06 02:00:00,8.581999,8.614056
2018-06-06 03:00:00,8.511999,8.618433
2018-06-06 04:00:00,8.371,8.571548
2018-06-06 05:00:00,8.159999,8.455276
2018-06-06 06:00:00,8.511999,8.26804
2018-06-06 07:00:00,9.497,8.541254
2018-06-06 08:00:00,10.199999,9.436193
2018-06-06 09:00:00,10.271,10.207434
2018-06-06 10:00:00,9.988999,10.403423
2018-06-06 11:00:00,10.129999,10.185586
2018-06-06 12:00:00,10.059999,10.263487
2018-06-06 13:00:00,10.551999,10.2150345
2018-06-06 14:00:00,12.028999,10.609177
2018-06-06 15:00:00,13.154999,11.922118
2018-06-06 16:00:00,13.295999,13.10379
2018-06-06 17:00:00,12.943999,13.383927
2018-06-06 18:00:00,13.224999,13.0629015
2018-06-06 19:00:00,11.395999,13.223619
2018-06-06 20:00:00,10.903999,11.684912
2018-06-06 21:00:00,11.043999,10.993656
2018-06-06 22:00:00,10.551999,11.016284
2018-06-06 23:00:00,10.271,10.60441
2018-06-07 00:00:00,9.778,10.280417
2018-06-07 01:00:00,10.129999,9.811311
2018-06-07 02:00:00,10.129999,10.046372
2018-06-07 03:00:00,9.848999,10.11227
2018-06-07 04:00:00,9.988999,9.899036
2018-06-07 05:00:00,9.918999,10.0098
2018-06-07 06:00:00,10.129999,9.998068
2018-06-07 07:00:00,10.482,10.203215
2018-06-07 08:00:00,10.692999,10.565218
2018-06-07 09:00:00,10.832999,10.822077
2018-06-07 10:00:00,11.115,10.990168
2018-06-07 11:00:00,11.536999,11.26366
2018-06-07 12:00:00,11.959,11.671807
2018-06-07 13:00:00,12.028999,12.092951
2018-06-07 14:00:00,12.8029995,12.19809
2018-06-07 15:00:00,12.732999,12.860092
2018-06-07 16:00:00,12.661999,12.882057
2018-06-07 17:00:00,12.661999,12.780087
2018-06-07 18:00:00,12.028999,12.738536
2018-06-07 19:00:00,11.6779995,12.166369
2018-06-07 20:00:00,11.395999,11.754836
2018-06-07 21:00:00,10.832999,11.445086
2018-06-07 22:00:00,10.832999,10.910912
2018-06-07 23:00:00,10.341,10.8232975
2018-06-08 00:00:00,10.482,10.397208
2018-06-08 01:00:00,10.410999,10.45639
2018-06-08 02:00:00,10.129999,10.425657
2018-06-08 03:00:00,10.059999,10.193475
2018-06-08 04:00:00,9.988999,10.115617
2018-06-08 05:00:00,9.707999,10.066815
2018-06-08 06:00:00,9.425999,9.835148
2018-06-08 07:00:00,9.778,9.569104
2018-06-08 08:00:00,10.129999,9.846012
2018-06-08 09:00:00,10.199999,10.209717
2018-06-08 10:00:00,10.059999,10.333601
2018-06-08 11:00:00,10.341,10.231414
2018-06-08 12:00:00,10.129999,10.459522
2018-06-08 13:00:00,9.918999,10.315954
2018-06-08 14:00:00,10.199999,10.1007595
2018-06-08 15:00:00,10.341,10.298892
2018-06-08 16:00:00,10.129999,10.445948
2018-06-08 17:00:00,9.918999,10.2748575
2018-06-08 18:00:00,8.934,10.051008
2018-06-08 19:00:00,9.004,9.173745
2018-06-08 20:00:00,9.355999,9.074743
2018-06-08 21:00:00,8.863999,9.358482
2018-06-08 22:00:00,9.074999,8.988462
2018-06-08 23:00:00,8.723,9.091304
2018-06-09 00:00:00,8.863999,8.820747
2018-06-09 01:00:00,8.863999,8.895361
2018-06-09 02:00:00,8.300999,8.91935
2018-06-09 03:00:00,8.0199995,8.45638
2018-06-09 04:00:00,8.0199995,8.142916
2018-06-09 05:00:00,8.159999,8.095427
2018-06-09 06:00:00,8.159999,8.208288
2018-06-09 07:00:00,8.159999,8.229961
2018-06-09 08:00:00,8.511999,8.234807
2018-06-09 09:00:00,8.441999,8.53467
2018-06-09 10:00:00,6.8239994,8.537281
2018-06-09 11:00:00,3.0249996,7.202279
2018-06-09 12:00:00,4.1500006,4.0310793
2018-06-09 13:00:00,3.9390001,4.2137346
2018-06-09 14:00:00,4.7839994,4.0735607
2018-06-09 15:00:00,5.7679996,4.661277
2018-06-09 16:00:00,6.6829996,5.5438166
2018-06-09 17:00:00,6.893999,6.4736557
2018-06-09 18:00:00,7.034999,6.865389
2018-06-09 19:00:00,6.4019995,7.0854053
2018-06-09 20:00:00,6.3309994,6.638605
2018-06-09 21:00:00,6.05,6.5058823
2018-06-09 22:00:00,6.893999,6.258691
2018-06-09 23:00:00,7.2460003,6.8804035
2018-06-10 00:00:00,6.2609997,7.281232
2018-06-10 01:00:00,6.8239994,6.554882
2018-06-10 02:00:00,7.315999,6.8446245
2018-06-10 03:00:00,7.668,7.300806
2018-06-10 04:00:00,7.738,7.671995
2018-06-10 05:00:00,7.457,7.796137
2018-06-10 06:00:00,7.668,7.58626
2018-06-10 07:00:00,8.0199995,7.712081
2018-06-10 08:00:00,8.300999,8.02486
2018-06-10 09:00:00,8.159999,8.313465
2018-06-10 10:00:00,8.09,8.248149
2018-06-10 11:00:00,8.09,8.170849
2018-06-10 12:00:00,8.371,8.154401
2018-06-10 13:00:00,8.934,8.380161
2018-06-10 14:00:00,9.425999,8.886772
2018-06-10 15:00:00,9.566999,9.3916025
2018-06-10 16:00:00,9.988999,9.600653
2018-06-10 17:00:00,9.285999,9.986513
2018-06-10 18:00:00,9.285999,9.4701805
2018-06-10 19:00:00,9.145,9.365225
2018-06-10 20:00:00,8.441999,9.234398
2018-06-10 21:00:00,8.723,8.623335
2018-06-10 22:00:00,8.441999,8.734064
2018-06-10 23:00:00,8.230999,8.523045
2018-06-11 00:00:00,8.300999,8.301453
2018-06-11 01:00:00,7.8789997,8.318636
2018-06-11 02:00:00,7.808999,7.977949
2018-06-11 03:00:00,7.808999,7.8597946
2018-06-11 04:00:00,7.9489994,7.8472633
2018-06-11 05:00:00,7.9489994,7.9689684
2018-06-11 06:00:00,8.159999,7.999199
2018-06-11 07:00:00,8.511999,8.18748
2018-06-11 08:00:00,9.074999,8.525999
2018-06-11 09:00:00,9.074999,9.070151
2018-06-11 10:00:00,9.004,9.176955
2018-06-11 11:00:00,9.074999,9.133859
2018-06-11 12:00:00,9.566999,9.185823
2018-06-11 13:00:00,10.199999,9.607611
2018-06-11 14:00:00,11.043999,10.213198
2018-06-11 15:00:00,12.028999,11.025757
2018-06-11 16:00:00,12.169999,11.994274
2018-06-11 17:00:00,12.310999,12.263334
2018-06-11 18:00:00,10.551999,12.3870125
2018-06-11 19:00:00,10.903999,10.893401
2018-06-11 20:00:00,10.271,10.914959
2018-06-11 21:00:00,10.271,10.403877
2018-06-11 22:00:00,9.778,10.294083
2018-06-11 23:00:00,9.848999,9.8523
2018-06-12 00:00:00,10.059999,9.825085
2018-06-12 01:00:00,9.778,10.007017
2018-06-12 02:00:00,9.497,9.807911
2018-06-12 03:00:00,9.848999,9.543867
2018-06-12 04:00:00,9.707999,9.82069
2018-06-12 05:00:00,9.497,9.771214
2018-06-12 06:00:00,9.566999,9.594076
2018-06-12 07:00:00,10.341,9.639587
2018-06-12 08:00:00,10.410999,10.331238
2018-06-12 09:00:00,10.622,10.520992
2018-06-12 10:00:00,10.271,10.7308655
2018-06-12 11:00:00,10.341,10.462891
2018-06-12 12:00:00,10.832999,10.475071
2018-06-12 13:00:00,11.536999,10.902156
2018-06-12 14:00:00,12.099999,11.5745945
2018-06-12 15:00:00,13.576999,12.157835
2018-06-12 16:00:00,14.279999,13.511116
2018-06-12 17:00:00,13.506999,14.327619
2018-06-12 18:00:00,13.928999,13.720262
2018-06-12 19:00:00,12.028999,13.936056
2018-06-12 20:00:00,11.6779995,12.32949
2018-06-12 21:00:00,11.043999,11.749397
2018-06-12 22:00:00,10.903999,11.135949
2018-06-12 23:00:00,11.184999,10.908798
2018-06-13 00:00:00,11.184999,11.10908
2018-06-13 01:00:00,10.762999,11.143182
2018-06-13 02:00:00,10.903999,10.786677
2018-06-13 03:00:00,10.832999,10.872052
2018-06-13 04:00:00,10.832999,10.860548
2018-06-13 05:00:00,10.622,10.888086
2018-06-13 06:00:00,10.973999,10.734245
2018-06-13 07:00:00,11.466999,11.044375
2018-06-13 08:00:00,11.817999,11.551912
2018-06-13 09:00:00,11.184999,11.952244
2018-06-13 10:00:00,11.184999,11.450926
2018-06-13 11:00:00,11.536999,11.36774
2018-06-13 12:00:00,11.326,11.670759
2018-06-13 13:00:00,12.310999,11.523848
2018-06-13 14:00:00,13.295999,12.343395
2018-06-13 15:00:00,14.139999,13.32841
2018-06-13 16:00:00,14.350999,14.196117
2018-06-13 17:00:00,13.646999,14.470019
2018-06-13 18:00:00,12.591999,13.8368225
2018-06-13 19:00:00,11.6779995,12.7909
2018-06-13 20:00:00,10.903999,11.846151
2018-06-13 21:00:00,10.692999,11.043774
2018-06-13 22:00:00,10.551999,10.733049
2018-06-13 23:00:00,10.551999,10.557976
2018-06-14 00:00:00,10.903999,10.523895
2018-06-14 01:00:00,10.903999,10.830736
2018-06-14 02:00:00,10.692999,10.900286
2018-06-14 03:00:00,10.973999,10.748735
2018-06-14 04:00:00,11.115,11.005364
2018-06-14 05:00:00,10.832999,11.20693
2018-06-14 06:00:00,10.973999,11.010197
2018-06-14 07:00:00,10.903999,11.11899
2018-06-14 08:00:00,11.115,11.087233
2018-06-14 09:00:00,11.115,11.268564
2018-06-14 10:00:00,11.184999,11.292867
2018-06-14 11:00:00,11.255999,11.346087
2018-06-14 12:00:00,11.184999,11.405146
2018-06-14 13:00:00,11.817999,11.339672
2018-06-14 14:00:00,13.295999,11.868404
2018-06-14 15:00:00,13.576999,13.2389145
2018-06-14 16:00:00,13.224999,13.691676
2018-06-14 17:00:00,13.084999,13.394775
2018-06-14 18:00:00,11.466999,13.193895
2018-06-14 19:00:00,11.326,11.755715
2018-06-14 20:00:00,11.326,11.40176
2018-06-14 21:00:00,11.184999,11.360922
2018-06-14 22:00:00,11.326,11.222834
2018-06-14 23:00:00,10.622,11.308888
2018-06-15 00:00:00,10.199999,10.713398
2018-06-15 01:00:00,10.199999,10.258358
2018-06-15 02:00:00,9.848999,10.211466
2018-06-15 03:00:00,10.129999,9.9250555
2018-06-15 04:00:00,10.973999,10.139748
2018-06-15 05:00:00,10.199999,10.937513
2018-06-15 06:00:00,10.832999,10.405767
2018-06-15 07:00:00,11.115,10.881674
2018-06-15 08:00:00,11.536999,11.233686
2018-06-15 09:00:00,10.551999,11.667072
2018-06-15 10:00:00,10.482,10.867829
2018-06-15 11:00:00,10.341,10.668303
2018-06-15 12:00:00,10.903999,10.518447
2018-06-15 13:00:00,11.115,10.970237
2018-06-15 14:00:00,11.255999,11.212416
2018-06-15 15:00:00,11.817999,11.350801
2018-06-15 16:00:00,12.380999,11.846378
2018-06-15 17:00:00,11.959,12.411453
2018-06-15 18:00:00,11.747999,12.119999
2018-06-15 19:00:00,10.482,11.86709
2018-06-15 20:00:00,9.848999,10.737149
2018-06-15 21:00:00,9.425999,10.012064
2018-06-15 22:00:00,9.497,9.542467
2018-06-15 23:00:00,9.425999,9.51981
2018-06-16 00:00:00,9.215,9.450357
2018-06-16 01:00:00,9.285999,9.254711
2018-06-16 02:00:00,9.004,9.288828
2018-06-16 03:00:00,8.863999,9.071944
2018-06-16 04:00:00,8.511999,8.932673
2018-06-16 05:00:00,8.511999,8.629536
2018-06-16 06:00:00,8.581999,8.593353
2018-06-16 07:00:00,8.792999,8.660772
2018-06-16 08:00:00,9.425999,8.860367
2018-06-16 09:00:00,8.723,9.443142
2018-06-16 10:00:00,9.145,8.952354
2018-06-16 11:00:00,9.004,9.221371
2018-06-16 12:00:00,9.215,9.157652
2018-06-16 13:00:00,9.425999,9.319551
2018-06-16 14:00:00,10.129999,9.521824
2018-06-16 15:00:00,10.762999,10.146589
2018-06-16 16:00:00,10.551999,10.789793
2018-06-16 17:00:00,9.918999,10.707367
2018-06-16 18:00:00,9.355999,10.131197
2018-06-16 19:00:00,9.215,9.548574
2018-06-16 20:00:00,9.215,9.326862
2018-06-16 21:00:00,8.441999,9.281588
2018-06-16 22:00:00,8.511999,8.618066
2018-06-16 23:00:00,8.300999,8.541348
2018-06-17 00:00:00,8.159999,8.354862
2018-06-17 01:00:00,8.511999,8.202639
2018-06-17 02:00:00,8.0199995,8.47339
2018-06-17 03:00:00,8.0199995,8.123363
2018-06-17 04:00:00,8.0199995,8.065395
2018-06-17 05:00:00,7.9489994,8.06988
2018-06-17 06:00:00,7.668,8.022742
2018-06-17 07:00:00,7.9489994,7.788124
2018-06-17 08:00:00,8.230999,7.984968
2018-06-17 09:00:00,8.371,8.2644615
2018-06-17 10:00:00,8.441999,8.436366
2018-06-17 11:00:00,8.653,8.528799
2018-06-17 12:00:00,9.285999,8.72434
2018-06-17 13:00:00,10.271,9.294191
2018-06-17 14:00:00,11.326,10.231882
2018-06-17 15:00:00,12.450999,11.296078
2018-06-17 16:00:00,12.380999,12.432029
2018-06-17 17:00:00,11.536999,12.543805
2018-06-17 18:00:00,11.326,11.784653
2018-06-17 19:00:00,10.832999,11.4515915
2018-06-17 20:00:00,10.271,10.977591
2018-06-17 21:00:00,10.199999,10.407134
2018-06-17 22:00:00,9.637999,10.230164
2018-06-17 23:00:00,9.566999,9.719524
2018-06-18 00:00:00,9.285999,9.5577965
2018-06-18 01:00:00,9.215,9.298601
2018-06-18 02:00:00,9.215,9.199677
2018-06-18 03:00:00,8.863999,9.198176
2018-06-18 04:00:00,9.074999,8.918491
2018-06-18 05:00:00,9.004,9.067509
2018-06-18 06:00:00,9.215,9.057299
2018-06-18 07:00:00,9.285999,9.253189
2018-06-18 08:00:00,9.145,9.365524
2018-06-18 09:00:00,9.778,9.276161
2018-06-18 10:00:00,9.988999,9.813693
2018-06-18 11:00:00,10.059999,10.097502
2018-06-18 12:00:00,10.832999,10.202596
2018-06-18 13:00:00,11.184999,10.879496
2018-06-18 14:00:00,11.959,11.295235
2018-06-18 15:00:00,13.084999,12.011569
2018-06-18 16:00:00,11.959,13.084497
2018-06-18 17:00:00,12.028999,12.260496
2018-06-18 18:00:00,12.028999,12.124697
2018-06-18 19:00:00,11.817999,12.102554
2018-06-18 20:00:00,10.622,11.901523
2018-06-18 21:00:00,10.199999,10.829248
2018-06-18 22:00:00,10.129999,10.275375
2018-06-18 23:00:00,10.271,10.131239
2018-06-19 00:00:00,9.778,10.229721
2018-06-19 01:00:00,9.215,9.828074
2018-06-19 02:00:00,9.215,9.284472
2018-06-19 03:00:00,9.074999,9.21179
2018-06-19 04:00:00,9.004,9.106085
2018-06-19 05:00:00,9.145,9.045966
2018-06-19 06:00:00,9.637999,9.176346
2018-06-19 07:00:00,9.497,9.644245
2018-06-19 08:00:00,9.074999,9.62068
2018-06-19 09:00:00,9.355999,9.263377
2018-06-19 10:00:00,9.778,9.457792
2018-06-19 11:00:00,9.848999,9.86545
2018-06-19 12:00:00,10.129999,9.994534
2018-06-19 13:00:00,9.778,10.248001
2018-06-19 14:00:00,5.557,9.98159
2018-06-19 15:00:00,5.6279993,6.4872103
2018-06-19 16:00:00,4.6429996,5.864049
2018-06-19 17:00:00,5.276,4.975214
2018-06-19 18:00:00,6.6829996,5.2565975
2018-06-19 19:00:00,6.7529993,6.407139
2018-06-19 20:00:00,7.1049995,6.68734
2018-06-19 21:00:00,4.573,7.035837
2018-06-19 22:00:00,5.1349993,5.105788
2018-06-19 23:00:00,5.9089994,5.183198
2018-06-20 00:00:00,6.542,5.8355446
2018-06-20 01:00:00,7.315999,6.4778395
2018-06-20 02:00:00,6.9639997,7.2416
2018-06-20 03:00:00,7.1049995,7.11687
2018-06-20 04:00:00,7.1049995,7.2098045
2018-06-20 05:00:00,7.1049995,7.2375603
2018-06-20 06:00:00,7.315999,7.242625
2018-06-20 07:00:00,7.457,7.4084396
2018-06-20 08:00:00,7.1049995,7.5461483
2018-06-20 09:00:00,7.457,7.2764378
2018-06-20 10:00:00,8.09,7.4941225
2018-06-20 11:00:00,8.09,8.047664
2018-06-20 12:00:00,8.511999,8.152141
2018-06-20 13:00:00,8.371,8.506085
2018-06-20 14:00:00,8.934,8.458727
2018-06-20 15:00:00,8.723,8.906017
2018-06-20 16:00:00,8.863999,8.820951
2018-06-20 17:00:00,9.285999,8.910186
2018-06-20 18:00:00,9.145,9.275557
2018-06-20 19:00:00,9.285999,9.2253065
2018-06-20 20:00:00,9.215,9.321986
2018-06-20 21:00:00,8.653,9.279187
2018-06-20 22:00:00,8.723,8.80072
2018-06-20 23:00:00,9.004,8.7658415
2018-06-21 00:00:00,9.004,8.997101
2018-06-21 01:00:00,8.934,9.039259
2018-06-21 02:00:00,8.581999,8.984233
2018-06-21 03:00:00,8.371,8.6819515
2018-06-21 04:00:00,8.511999,8.455341
2018-06-21 05:00:00,8.511999,8.538739
2018-06-21 06:00:00,8.863999,8.560098
2018-06-21 07:00:00,8.300999,8.860207
2018-06-21 08:00:00,8.863999,8.44957
2018-06-21 09:00:00,8.511999,8.845636
2018-06-21 10:00:00,8.371,8.635431
2018-06-21 11:00:00,8.511999,8.476833
2018-06-21 12:00:00,8.441999,8.570339
2018-06-21 13:00:00,8.863999,8.532368
2018-06-21 14:00:00,9.566999,8.87691
2018-06-21 15:00:00,9.918999,9.534664
2018-06-21 16:00:00,10.059999,9.953411
2018-06-21 17:00:00,9.848999,10.141674
2018-06-21 18:00:00,9.637999,9.990502
2018-06-21 19:00:00,9.004,9.779964
2018-06-21 20:00:00,8.653,9.2079735
2018-06-21 21:00:00,8.371,8.806059
2018-06-21 22:00:00,8.159999,8.49379
2018-06-21 23:00:00,8.09,8.252604
2018-06-22 00:00:00,8.230999,8.141313
2018-06-22 01:00:00,8.371,8.233349
2018-06-22 02:00:00,8.159999,8.36834
2018-06-22 03:00:00,8.0199995,8.222881
2018-06-22 04:00:00,7.808999,8.086907
2018-06-22 05:00:00,7.668,7.8985796
2018-06-22 06:00:00,5.6279993,7.7569275
2018-06-22 07:00:00,7.034999,6.0858164
2018-06-22 08:00:00,4.854,6.9047346
2018-06-22 09:00:00,6.6829996,5.322134
2018-06-22 10:00:00,6.4019995,6.459014
2018-06-22 11:00:00,6.7529993,6.4576693
2018-06-22 12:00:00,3.658,6.736253
2018-06-22 13:00:00,3.658,4.371047
2018-06-22 14:00:00,4.1500006,3.888935
2018-06-22 15:00:00,4.6429996,4.1716394
2018-06-22 16:00:00,5.979,4.5957956
2018-06-22 17:00:00,4.3620005,5.731229
2018-06-22 18:00:00,4.6429996,4.7096863
2018-06-22 19:00:00,5.8389997,4.716213
2018-06-22 20:00:00,5.9089994,5.6806927
2018-06-22 21:00:00,5.979,5.9502497
2018-06-22 22:00:00,5.8389997,6.0645285
2018-06-22 23:00:00,5.8389997,5.981779
2018-06-23 00:00:00,5.3459997,5.967675
2018-06-23 01:00:00,5.416999,5.57444
2018-06-23 02:00:00,5.416999,5.5414314
2018-06-23 03:00:00,5.7679996,5.5265064
2018-06-23 04:00:00,5.9089994,5.7886534
2018-06-23 05:00:00,6.2609997,5.9484253
2018-06-23 06:00:00,6.6829996,6.2559824
2018-06-23 07:00:00,6.472,6.657176
2018-06-23 08:00:00,6.4019995,6.5751476
2018-06-23 09:00:00,6.9639997,6.500861
2018-06-23 10:00:00,7.5269995,6.9378595
2018-06-23 11:00:00,7.738,7.4844084
2018-06-23 12:00:00,7.808999,7.765601
2018-06-23 13:00:00,7.668,7.874153
2018-06-23 14:00:00,8.159999,7.7778177
2018-06-23 15:00:00,7.808999,8.15567
2018-06-23 16:00:00,8.159999,7.945094
2018-06-23 17:00:00,7.808999,8.176739
2018-06-23 18:00:00,8.300999,7.934779
2018-06-23 19:00:00,8.0199995,8.278064
2018-06-23 20:00:00,7.668,8.11642
2018-06-23 21:00:00,7.3859997,7.7883844
2018-06-23 22:00:00,7.315999,7.4936285
2018-06-23 23:00:00,7.175,7.3804455
2018-06-24 00:00:00,6.893999,7.243699
2018-06-24 01:00:00,6.612999,6.987406
2018-06-24 02:00:00,6.4019995,6.7099
2018-06-24 03:00:00,6.542,6.4877396
2018-06-24 04:00:00,6.9639997,6.5592613
2018-06-24 05:00:00,6.893999,6.91973
2018-06-24 06:00:00,7.457,6.9405117
2018-06-24 07:00:00,7.457,7.4096203
2018-06-24 08:00:00,8.441999,7.514862
2018-06-24 09:00:00,7.9489994,8.354985
2018-06-24 10:00:00,8.511999,8.123787
2018-06-24 11:00:00,9.004,8.537621
2018-06-24 12:00:00,9.285999,9.032419
2018-06-24 13:00:00,9.215,9.356064
2018-06-24 14:00:00,9.285999,9.344423
2018-06-24 15:00:00,9.355999,9.386358
2018-06-24 16:00:00,9.497,9.442335
2018-06-24 17:00:00,9.215,9.557823
2018-06-24 18:00:00,9.145,9.332194
2018-06-24 19:00:00,9.074999,9.217512
2018-06-24 20:00:00,8.863999,9.132552
2018-06-24 21:00:00,8.371,8.936417
2018-06-24 22:00:00,8.371,8.4881
2018-06-24 23:00:00,8.511999,8.403173
2018-06-25 00:00:00,8.723,8.509302
2018-06-25 01:00:00,9.004,8.707914
2018-06-25 02:00:00,9.566999,8.984505
2018-06-25 03:00:00,9.566999,9.517974
2018-06-25 04:00:00,8.511999,9.626551
2018-06-25 05:00:00,8.653,8.760811
2018-06-25 06:00:00,8.934,8.728725
2018-06-25 07:00:00,9.566999,8.973625
2018-06-25 08:00:00,10.973999,9.550836
2018-06-25 09:00:00,11.466999,10.847818
2018-06-25 10:00:00,11.184999,11.506706
2018-06-25 11:00:00,10.692999,11.35276
2018-06-25 12:00:00,10.271,10.883811
2018-06-25 13:00:00,10.622,10.444867
2018-06-25 14:00:00,11.255999,10.667673
2018-06-25 15:00:00,11.607,11.239587
2018-06-25 16:00:00,12.380999,11.619676
2018-06-25 17:00:00,11.466999,12.324236
2018-06-25 18:00:00,11.184999,11.642578
2018-06-25 19:00:00,10.551999,11.261398
2018-06-25 20:00:00,9.988999,10.673946
2018-06-25 21:00:00,9.988999,10.104832
2018-06-25 22:00:00,9.566999,10.014235
2018-06-25 23:00:00,9.425999,9.645245
2018-06-26 00:00:00,9.707999,9.460295
2018-06-26 01:00:00,9.637999,9.678152
2018-06-26 02:00:00,9.778,9.669144
2018-06-26 03:00:00,9.566999,9.799675
2018-06-26 04:00:00,9.425999,9.659132
2018-06-26 05:00:00,9.285999,9.530912
2018-06-26 06:00:00,9.285999,9.405592
2018-06-26 07:00:00,9.637999,9.3966465
2018-06-26 08:00:00,9.425999,9.70442
2018-06-26 09:00:00,9.074999,9.577586
2018-06-26 10:00:00,8.934,9.251616
2018-06-26 11:00:00,9.215,9.07588
2018-06-26 12:00:00,9.215,9.285287
2018-06-26 13:00:00,9.425999,9.319248
2018-06-26 14:00:00,10.199999,9.496078
2018-06-26 15:00:00,10.903999,10.183889
2018-06-26 16:00:00,11.043999,10.908688
2018-06-26 17:00:00,10.271,11.146791
2018-06-26 18:00:00,9.778,10.507272
2018-06-26 19:00:00,9.566999,9.968354
